Takım,matchdate turkce,Comp Short,Hafta,Season long,Match Date,Matchid,Max date,month turkce,Season,GD,Goals For,Goals For (copy),Maç,Points,points gd2,Shots For,X Goals For,X Goals For (copy),Şut başına xG
Hatayspor,22 Mayıs 2022,TUR,12,  2021-22,11.07.21,ADSHAT2122,5/22/2022,Mayıs,2122,-1,0,0,1,0,-1,12,0.6600205,0.6600205,0.055001708
Basaksehir,22 Mayıs 2022,TUR,22,  2021-22,1/19/2022,KAYBSK2122,5/22/2022,Mayıs,2122,-1,0,0,1,0,-1,14,0.7767759,0.7767759,0.055483993
Besiktas,22 Mayıs 2022,TUR,11,  2021-22,10/30/2021,HATBJK2122,5/22/2022,Mayıs,2122,-1,0,0,1,0,-1,17,1.81131,1.81131,0.106547647
Alanyaspor,22 Mayıs 2022,TUR,34,  2021-22,4/25/2022,SIVALA2122,5/22/2022,Mayıs,2122,-1,0,0,1,0,-1,13,0.6858343,0.6858343,0.052756485
Adana Demirspor,22 Mayıs 2022,TUR,28,  2021-22,03.04.22,MLTADS2122,5/22/2022,Mayıs,2122,-1,0,0,1,0,-1,20,1.585788,1.585788,0.0792894
Besiktas,22 Mayıs 2022,TUR,19,  2021-22,12/27/2021,KONBJK2122,5/22/2022,Mayıs,2122,-1,0,0,1,0,-1,12,0.9748692,0.9748692,0.0812391
Adana Demirspor,22 Mayıs 2022,TUR,22,  2021-22,1/18/2022,KONADS2122,5/22/2022,Mayıs,2122,-1,0,0,1,0,-1,15,1.038939,1.038939,0.0692626
Konyaspor,22 Mayıs 2022,TUR,9,  2021-22,10/17/2021,GALKON2122,5/22/2022,Mayıs,2122,-1,0,0,1,0,-1,16,0.9863809,0.9863809,0.061648806
Gaziantep,22 Mayıs 2022,TUR,21,  2021-22,1/14/2022,BJKGAZ2122,5/22/2022,Mayıs,2122,-1,0,0,1,0,-1,7,0.9828328,0.9828328,0.140404686
Galatasaray,22 Mayıs 2022,TUR,16,  2021-22,12/13/2021,SIVGAL2122,5/22/2022,Mayıs,2122,-1,0,0,1,0,-1,6,0.2191409,0.2191409,0.036523483
F. Karagumruk,22 Mayıs 2022,TUR,3,  2021-22,8/28/2021,BJKKGM2122,5/22/2022,Mayıs,2122,-1,0,0,1,0,-1,10,0.9924669,0.9924669,0.09924669
Altay,22 Mayıs 2022,TUR,12,  2021-22,11.06.21,ANTALT2122,5/22/2022,Mayıs,2122,-1,0,0,1,0,-1,9,0.4721541,0.4721541,0.052461567
Sivasspor,22 Mayıs 2022,TUR,26,  2021-22,2/20/2022,KGMSIV2122,5/22/2022,Mayıs,2122,-1,0,0,1,0,-1,9,0.8625609,0.8625609,0.0958401
Kasimpasa,22 Mayıs 2022,TUR,24,  2021-22,02.05.22,TRBKSP2122,5/22/2022,Mayıs,2122,-1,0,0,1,0,-1,15,1.021022,1.021022,0.068068133
Antalyaspor,22 Mayıs 2022,TUR,17,  2021-22,12/18/2021,KONANT2122,5/22/2022,Mayıs,2122,-1,0,0,1,0,-1,6,0.2911337,0.2911337,0.048522283
Giresunspor,22 Mayıs 2022,TUR,16,  2021-22,12.12.21,ADSGIR2122,5/22/2022,Mayıs,2122,-1,0,0,1,0,-1,13,1.295141,1.295141,0.099626231
Sivasspor,22 Mayıs 2022,TUR,28,  2021-22,03.06.22,ANTSIV2122,5/22/2022,Mayıs,2122,-1,0,0,1,0,-1,11,1.055776,1.055776,0.095979636
Giresunspor,22 Mayıs 2022,TUR,24,  2021-22,02.04.22,KONGIR2122,5/22/2022,Mayıs,2122,-1,0,0,1,0,-1,6,0.2207197,0.2207197,0.036786617
Kayserispor,22 Mayıs 2022,TUR,14,  2021-22,11/27/2021,RIZKAY2122,5/22/2022,Mayıs,2122,-1,0,0,1,0,-1,12,0.9210703,0.9210703,0.076755858
Y. Malatyaspor,22 Mayıs 2022,TUR,7,  2021-22,9/25/2021,ANTMLT2122,5/22/2022,Mayıs,2122,-1,0,0,1,0,-1,9,0.6291666,0.6291666,0.0699074
Y. Malatyaspor,22 Mayıs 2022,TUR,13,  2021-22,11/20/2021,GIRMLT2122,5/22/2022,Mayıs,2122,-1,0,0,1,0,-1,10,0.5750652,0.5750652,0.05750652
Basaksehir,22 Mayıs 2022,TUR,6,  2021-22,9/22/2021,GAZBSK2122,5/22/2022,Mayıs,2122,-1,0,0,1,0,-1,15,1.393965,1.393965,0.092931
Altay,22 Mayıs 2022,TUR,20,  2021-22,01.09.22,KAYALT2122,5/22/2022,Mayıs,2122,-1,0,0,1,0,-1,8,0.5376333,0.5376333,0.067204162
Altay,22 Mayıs 2022,TUR,26,  2021-22,2/19/2022,BJKALT2122,5/22/2022,Mayıs,2122,-1,0,0,1,0,-1,9,1.022623,1.022623,0.113624778
Y. Malatyaspor,22 Mayıs 2022,TUR,17,  2021-22,12/19/2021,RIZMLT2122,5/22/2022,Mayıs,2122,-1,0,0,1,0,-1,8,0.4203534,0.4203534,0.052544175
Y. Malatyaspor,22 Mayıs 2022,TUR,20,  2021-22,01.07.22,TRBMLT2122,5/22/2022,Mayıs,2122,-1,0,0,1,0,-1,3,0.7857117,0.7857117,0.2619039
Y. Malatyaspor,22 Mayıs 2022,TUR,31,  2021-22,04.04.22,BSKMLT2122,5/22/2022,Mayıs,2122,-1,0,0,1,0,-1,7,0.5080613,0.5080613,0.072580186
Y. Malatyaspor,22 Mayıs 2022,TUR,24,  2021-22,02.05.22,KGMMLT2122,5/22/2022,Mayıs,2122,-1,0,0,1,0,-1,13,1.378142,1.378142,0.106010923
Giresunspor,22 Mayıs 2022,TUR,4,  2021-22,9/13/2021,ALAGIR2122,5/22/2022,Mayıs,2122,-1,0,0,1,0,-1,15,0.9424415,0.9424415,0.062829433
Y. Malatyaspor,22 Mayıs 2022,TUR,29,  2021-22,03.12.22,ALTMLT2122,5/22/2022,Mayıs,2122,-1,0,0,1,0,-1,6,0.8743063,0.8743063,0.145717717
Hatayspor,22 Mayıs 2022,TUR,17,  2021-22,12/18/2021,TRBHAT2122,5/22/2022,Mayıs,2122,-2,0,0,1,0,-2,6,0.7815967,0.7815967,0.130266117
Alanyaspor,22 Mayıs 2022,TUR,12,  2021-22,11.05.21,RIZALA2122,5/22/2022,Mayıs,2122,-2,0,0,1,0,-2,13,0.8046007,0.8046007,0.061892362
Fenerbahce,22 Mayıs 2022,TUR,5,  2021-22,9/19/2021,BSKFEN2122,5/22/2022,Mayıs,2122,-2,0,0,1,0,-2,14,1.378049,1.378049,0.098432071
Hatayspor,22 Mayıs 2022,TUR,26,  2021-22,2/20/2022,FENHAT2122,5/22/2022,Mayıs,2122,-2,0,0,1,0,-2,11,1.127734,1.127734,0.102521273
Adana Demirspor,22 Mayıs 2022,TUR,35,  2021-22,4/29/2022,GIRADS2122,5/22/2022,Mayıs,2122,-2,0,0,1,0,-2,9,0.9129252,0.9129252,0.101436133
Gaziantep,22 Mayıs 2022,TUR,25,  2021-22,02.12.22,BSKGAZ2122,5/22/2022,Mayıs,2122,-2,0,0,1,0,-2,21,1.286666,1.286666,0.06126981
Besiktas,22 Mayıs 2022,TUR,13,  2021-22,11/20/2021,ALABJK2122,5/22/2022,Mayıs,2122,-2,0,0,1,0,-2,16,1.133137,1.133137,0.070821063
Adana Demirspor,22 Mayıs 2022,TUR,15,  2021-22,12.04.21,TRBADS2122,5/22/2022,Mayıs,2122,-2,0,0,1,0,-2,18,1.806522,1.806522,0.100362333
F. Karagumruk,22 Mayıs 2022,TUR,31,  2021-22,04.02.22,GALKGM2122,5/22/2022,Mayıs,2122,-2,0,0,1,0,-2,11,1.41209,1.41209,0.128371818
Galatasaray,22 Mayıs 2022,TUR,28,  2021-22,03.05.22,KONGAL2122,5/22/2022,Mayıs,2122,-2,0,0,1,0,-2,11,0.4475899,0.4475899,0.040689991
Galatasaray,22 Mayıs 2022,TUR,18,  2021-22,12/21/2021,ADSGAL2122,5/22/2022,Mayıs,2122,-2,0,0,1,0,-2,15,1.85268,1.85268,0.123512
Kasimpasa,22 Mayıs 2022,TUR,4,  2021-22,09.11.21,KAYKSP2122,5/22/2022,Mayıs,2122,-2,0,0,1,0,-2,6,0.4409087,0.4409087,0.073484783
Galatasaray,22 Mayıs 2022,TUR,32,  2021-22,04.10.22,FENGAL2122,5/22/2022,Mayıs,2122,-2,0,0,1,0,-2,6,0.6373843,0.6373843,0.106230717
Antalyaspor,22 Mayıs 2022,TUR,2,  2021-22,8/22/2021,FENANT2122,5/22/2022,Mayıs,2122,-2,0,0,1,0,-2,11,1.590353,1.590353,0.144577545
Gaziantep,22 Mayıs 2022,TUR,11,  2021-22,10/31/2021,GALGAZ2122,5/22/2022,Mayıs,2122,-2,0,0,1,0,-2,9,0.6606715,0.6606715,0.073407944
Kayserispor,22 Mayıs 2022,TUR,10,  2021-22,10/23/2021,KONKAY2122,5/22/2022,Mayıs,2122,-2,0,0,1,0,-2,11,0.7435574,0.7435574,0.067596127
Antalyaspor,22 Mayıs 2022,TUR,19,  2021-22,12/25/2021,GALANT2122,5/22/2022,Mayıs,2122,-2,0,0,1,0,-2,13,0.9856138,0.9856138,0.075816446
Antalyaspor,22 Mayıs 2022,TUR,15,  2021-22,12.05.21,KAYANT2122,5/22/2022,Mayıs,2122,-2,0,0,1,0,-2,24,2.308052,2.308052,0.096168833
Antalyaspor,22 Mayıs 2022,TUR,4,  2021-22,9/13/2021,GAZANT2122,5/22/2022,Mayıs,2122,-2,0,0,1,0,-2,15,1.073273,1.073273,0.071551533
Kasimpasa,22 Mayıs 2022,TUR,6,  2021-22,9/23/2021,ALAKSP2122,5/22/2022,Mayıs,2122,-2,0,0,1,0,-2,10,1.24189,1.24189,0.124189
Y. Malatyaspor,22 Mayıs 2022,TUR,11,  2021-22,10/30/2021,KSPMLT2122,5/22/2022,Mayıs,2122,-2,0,0,1,0,-2,5,0.5922945,0.5922945,0.1184589
Altay,22 Mayıs 2022,TUR,19,  2021-22,12/25/2021,KSPALT2122,5/22/2022,Mayıs,2122,-2,0,0,1,0,-2,8,0.462849,0.462849,0.057856125
Gaziantep,22 Mayıs 2022,TUR,3,  2021-22,8/28/2021,MLTGAZ2122,5/22/2022,Mayıs,2122,-2,0,0,1,0,-2,20,0.7385149,0.7385149,0.036925745
Rizespor,22 Mayıs 2022,TUR,38,  2021-22,5/20/2022,GAZRIZ2122,5/22/2022,Mayıs,2122,-2,0,0,1,0,-2,11,0.8116067,0.8116067,0.073782427
Kasimpasa,22 Mayıs 2022,TUR,12,  2021-22,11.05.21,GAZKSP2122,5/22/2022,Mayıs,2122,-2,0,0,1,0,-2,11,1.48569,1.48569,0.135062727
Goztepe,22 Mayıs 2022,TUR,33,  2021-22,4/16/2022,FENGOZ2122,5/22/2022,Mayıs,2122,-2,0,0,1,0,-2,9,0.787517,0.787517,0.087501889
Rizespor,22 Mayıs 2022,TUR,21,  2021-22,1/15/2022,KGMRIZ2122,5/22/2022,Mayıs,2122,-2,0,0,1,0,-2,14,0.8603952,0.8603952,0.0614568
Y. Malatyaspor,22 Mayıs 2022,TUR,19,  2021-22,12/26/2021,FENMLT2122,5/22/2022,Mayıs,2122,-2,0,0,1,0,-2,8,0.5669039,0.5669039,0.070862988
Giresunspor,22 Mayıs 2022,TUR,2,  2021-22,8/21/2021,KSPGIR2122,5/22/2022,Mayıs,2122,-2,0,0,1,0,-2,15,1.144834,1.144834,0.076322267
Y. Malatyaspor,22 Mayıs 2022,TUR,33,  2021-22,4/18/2022,GALMLT2122,5/22/2022,Mayıs,2122,-2,0,0,1,0,-2,15,1.331427,1.331427,0.0887618
Rizespor,22 Mayıs 2022,TUR,9,  2021-22,10/16/2021,GIRRIZ2122,5/22/2022,Mayıs,2122,-2,0,0,1,0,-2,5,0.3237217,0.3237217,0.06474434
Trabzonspor,22 Mayıs 2022,TUR,16,  2021-22,12.11.21,ANTTRB2122,5/22/2022,Mayıs,2122,-1,1,1,1,0,-1,12,1.208271,1.208271,0.10068925
Konyaspor,22 Mayıs 2022,TUR,25,  2021-22,2/13/2022,TRBKON2122,5/22/2022,Mayıs,2122,-1,1,1,1,0,-1,11,1.136337,1.136337,0.103303364
Konyaspor,22 Mayıs 2022,TUR,30,  2021-22,3/20/2022,FENKON2122,5/22/2022,Mayıs,2122,-1,1,1,1,0,-1,7,1.70621,1.70621,0.243744286
Konyaspor,22 Mayıs 2022,TUR,21,  2021-22,2/22/2022,BSKKON2122,5/22/2022,Mayıs,2122,-1,1,1,1,0,-1,12,1.068329,1.068329,0.089027417
Konyaspor,22 Mayıs 2022,TUR,32,  2021-22,04.09.22,RIZKON2122,5/22/2022,Mayıs,2122,-1,1,1,1,0,-1,9,0.6122678,0.6122678,0.068029756
Besiktas,22 Mayıs 2022,TUR,7,  2021-22,9/24/2021,ALTBJK2122,5/22/2022,Mayıs,2122,-1,1,1,1,0,-1,12,0.8105672,0.8105672,0.067547267
Basaksehir,22 Mayıs 2022,TUR,30,  2021-22,3/19/2022,ADSBSK2122,5/22/2022,Mayıs,2122,-1,1,1,1,0,-1,11,0.9794438,0.9794438,0.089040345
Fenerbahce,22 Mayıs 2022,TUR,11,  2021-22,10/30/2021,KONFEN2122,5/22/2022,Mayıs,2122,-1,1,1,1,0,-1,13,1.987099,1.987099,0.152853769
Galatasaray,22 Mayıs 2022,TUR,10,  2021-22,10/25/2021,BJKGAL2122,5/22/2022,Mayıs,2122,-1,1,1,1,0,-1,12,1.241865,1.241865,0.10348875
Besiktas,22 Mayıs 2022,TUR,29,  2021-22,3/14/2022,GALBJK2122,5/22/2022,Mayıs,2122,-1,1,1,1,0,-1,10,0.8258907,0.8258907,0.08258907
Alanyaspor,22 Mayıs 2022,TUR,18,  2021-22,12/22/2021,GAZALA2122,5/22/2022,Mayıs,2122,-1,1,1,1,0,-1,13,0.8970476,0.8970476,0.069003662
F. Karagumruk,22 Mayıs 2022,TUR,11,  2021-22,10/31/2021,KAYKGM2122,5/22/2022,Mayıs,2122,-1,1,1,1,0,-1,10,1.158922,1.158922,0.1158922
Altay,22 Mayıs 2022,TUR,10,  2021-22,10/22/2021,MLTALT2122,5/22/2022,Mayıs,2122,-1,1,1,1,0,-1,10,1.300655,1.300655,0.1300655
Kayserispor,22 Mayıs 2022,TUR,5,  2021-22,9/19/2021,HATKAY2122,5/22/2022,Mayıs,2122,-1,1,1,1,0,-1,6,0.6016755,0.6016755,0.10027925
Gaziantep,22 Mayıs 2022,TUR,9,  2021-22,10/18/2021,HATGAZ2122,5/22/2022,Mayıs,2122,-1,1,1,1,0,-1,7,1.418443,1.418443,0.202634714
Sivasspor,22 Mayıs 2022,TUR,22,  2021-22,1/19/2022,GOZSIV2122,5/22/2022,Mayıs,2122,-1,1,1,1,0,-1,20,2.523003,2.523003,0.12615015
Adana Demirspor,22 Mayıs 2022,TUR,11,  2021-22,11.01.21,BSKADS2122,5/22/2022,Mayıs,2122,-1,1,1,1,0,-1,16,2.42872,2.42872,0.151795
Sivasspor,22 Mayıs 2022,TUR,8,  2021-22,10.02.21,BJKSIV2122,5/22/2022,Mayıs,2122,-1,1,1,1,0,-1,9,1.192584,1.192584,0.132509333
Goztepe,22 Mayıs 2022,TUR,5,  2021-22,9/17/2021,ALTGOZ2122,5/22/2022,Mayıs,2122,-1,1,1,1,0,-1,10,1.573993,1.573993,0.1573993
Hatayspor,22 Mayıs 2022,TUR,2,  2021-22,8/23/2021,GALHAT2122,5/22/2022,Mayıs,2122,-1,1,1,1,0,-1,6,0.6681929,0.6681929,0.111365483
Kayserispor,22 Mayıs 2022,TUR,38,  2021-22,5/21/2022,SIVKAY2122,5/22/2022,Mayıs,2122,-1,1,1,1,0,-1,5,0.2922751,0.2922751,0.05845502
Gaziantep,22 Mayıs 2022,TUR,31,  2021-22,04.03.22,KSPGAZ2122,5/22/2022,Mayıs,2122,-1,1,1,1,0,-1,6,0.4518539,0.4518539,0.075308983
Gaziantep,22 Mayıs 2022,TUR,29,  2021-22,3/14/2022,GIRGAZ2122,5/22/2022,Mayıs,2122,-1,1,1,1,0,-1,10,1.25146,1.25146,0.125146
Sivasspor,22 Mayıs 2022,TUR,13,  2021-22,11/20/2021,BSKSIV2122,5/22/2022,Mayıs,2122,-1,1,1,1,0,-1,13,1.42034,1.42034,0.109256923
Kasimpasa,22 Mayıs 2022,TUR,8,  2021-22,10.03.21,FENKSP2122,5/22/2022,Mayıs,2122,-1,1,1,1,0,-1,8,0.4948661,0.4948661,0.061858262
Goztepe,22 Mayıs 2022,TUR,25,  2021-22,2/14/2022,HATGOZ2122,5/22/2022,Mayıs,2122,-1,1,1,1,0,-1,7,0.4991576,0.4991576,0.071308229
Giresunspor,22 Mayıs 2022,TUR,34,  2021-22,4/23/2022,KGMGIR2122,5/22/2022,Mayıs,2122,-1,1,1,1,0,-1,8,1.076354,1.076354,0.13454425
Gaziantep,22 Mayıs 2022,TUR,15,  2021-22,12.06.21,GOZGAZ2122,5/22/2022,Mayıs,2122,-1,1,1,1,0,-1,15,2.021565,2.021565,0.134771
Giresunspor,22 Mayıs 2022,TUR,26,  2021-22,2/19/2022,KAYGIR2122,5/22/2022,Mayıs,2122,-1,1,1,1,0,-1,12,0.8553208,0.8553208,0.071276733
Altay,22 Mayıs 2022,TUR,30,  2021-22,3/20/2022,SIVALT2122,5/22/2022,Mayıs,2122,-1,1,1,1,0,-1,10,1.269175,1.269175,0.1269175
Antalyaspor,22 Mayıs 2022,TUR,22,  2021-22,1/20/2022,RIZANT2122,5/22/2022,Mayıs,2122,-1,1,1,1,0,-1,18,1.495183,1.495183,0.083065722
Altay,22 Mayıs 2022,TUR,37,  2021-22,5/15/2022,TRBALT2122,5/22/2022,Mayıs,2122,-1,1,1,1,0,-1,5,0.6537001,0.6537001,0.13074002
Basaksehir,22 Mayıs 2022,TUR,2,  2021-22,8/22/2021,KONBSK2122,5/22/2022,Mayıs,2122,-1,1,1,1,0,-1,13,0.838099,0.838099,0.064469154
Goztepe,22 Mayıs 2022,TUR,7,  2021-22,9/26/2021,GALGOZ2122,5/22/2022,Mayıs,2122,-1,1,1,1,0,-1,6,0.2973769,0.2973769,0.049562817
Sivasspor,22 Mayıs 2022,TUR,2,  2021-22,8/23/2021,TRBSIV2122,5/22/2022,Mayıs,2122,-1,1,1,1,0,-1,17,2.739213,2.739213,0.161130176
Rizespor,22 Mayıs 2022,TUR,31,  2021-22,04.03.22,ALARIZ2122,5/22/2022,Mayıs,2122,-1,1,1,1,0,-1,12,0.7003241,0.7003241,0.058360342
Altay,22 Mayıs 2022,TUR,22,  2021-22,1/19/2022,FENALT2122,5/22/2022,Mayıs,2122,-1,1,1,1,0,-1,3,0.4706761,0.4706761,0.156892033
Giresunspor,22 Mayıs 2022,TUR,6,  2021-22,9/23/2021,FENGIR2122,5/22/2022,Mayıs,2122,-1,1,1,1,0,-1,8,1.171733,1.171733,0.146466625
Goztepe,22 Mayıs 2022,TUR,18,  2021-22,12/23/2021,BJKGOZ2122,5/22/2022,Mayıs,2122,-1,1,1,1,0,-1,19,2.678426,2.678426,0.140969789
Basaksehir,22 Mayıs 2022,TUR,4,  2021-22,09.12.21,GOZBSK2122,5/22/2022,Mayıs,2122,-1,1,1,1,0,-1,22,1.823663,1.823663,0.082893773
Kasimpasa,22 Mayıs 2022,TUR,10,  2021-22,10/23/2021,RIZKSP2122,5/22/2022,Mayıs,2122,-1,1,1,1,0,-1,18,1.643398,1.643398,0.091299889
Rizespor,22 Mayıs 2022,TUR,11,  2021-22,10/29/2021,TRBRIZ2122,5/22/2022,Mayıs,2122,-1,1,1,1,0,-1,13,1.708539,1.708539,0.131426077
Kasimpasa,22 Mayıs 2022,TUR,16,  2021-22,12.11.21,BSKKSP2122,5/22/2022,Mayıs,2122,-1,1,1,1,0,-1,10,0.6353508,0.6353508,0.06353508
Y. Malatyaspor,22 Mayıs 2022,TUR,35,  2021-22,05.01.22,ALAMLT2122,5/22/2022,Mayıs,2122,-1,1,1,1,0,-1,4,0.1188015,0.1188015,0.029700375
Y. Malatyaspor,22 Mayıs 2022,TUR,25,  2021-22,2/13/2022,SIVMLT2122,5/22/2022,Mayıs,2122,-1,1,1,1,0,-1,14,1.158644,1.158644,0.082760286
Alanyaspor,22 Mayıs 2022,TUR,14,  2021-22,11/27/2021,ANTALA2122,5/22/2022,Mayıs,2122,-3,0,0,1,0,-3,8,0.5972743,0.5972743,0.074659288
F. Karagumruk,22 Mayıs 2022,TUR,29,  2021-22,03.12.22,HATKGM2122,5/22/2022,Mayıs,2122,-3,0,0,1,0,-3,10,0.7000891,0.7000891,0.07000891
Y. Malatyaspor,22 Mayıs 2022,TUR,4,  2021-22,09.11.21,BJKMLT2122,5/22/2022,Mayıs,2122,-3,0,0,1,0,-3,7,0.1803702,0.1803702,0.025767171
Hatayspor,22 Mayıs 2022,TUR,34,  2021-22,4/24/2022,BSKHAT2122,5/22/2022,Mayıs,2122,-3,0,0,1,0,-3,3,0.7548757,0.7548757,0.251625233
Galatasaray,22 Mayıs 2022,TUR,6,  2021-22,9/22/2021,KAYGAL2122,5/22/2022,Mayıs,2122,-3,0,0,1,0,-3,19,1.270007,1.270007,0.066842474
Sivasspor,22 Mayıs 2022,TUR,19,  2021-22,12/27/2021,KAYSIV2122,5/22/2022,Mayıs,2122,-3,0,0,1,0,-3,10,1.074797,1.074797,0.1074797
F. Karagumruk,22 Mayıs 2022,TUR,25,  2021-22,2/13/2022,ANTKGM2122,5/22/2022,Mayıs,2122,-3,0,0,1,0,-3,9,0.3640326,0.3640326,0.040448067
Gaziantep,22 Mayıs 2022,TUR,13,  2021-22,11/22/2021,TRBGAZ2122,5/22/2022,Mayıs,2122,-3,0,0,1,0,-3,25,1.630394,1.630394,0.06521576
Kayserispor,22 Mayıs 2022,TUR,30,  2021-22,3/18/2022,KGMKAY2122,5/22/2022,Mayıs,2122,-3,0,0,1,0,-3,15,1.401756,1.401756,0.0934504
Gaziantep,22 Mayıs 2022,TUR,37,  2021-22,5/15/2022,ALAGAZ2122,5/22/2022,Mayıs,2122,-3,0,0,1,0,-3,11,1.744413,1.744413,0.158583
Kayserispor,22 Mayıs 2022,TUR,1,  2021-22,8/14/2021,ALTKAY2122,5/22/2022,Mayıs,2122,-3,0,0,1,0,-3,8,0.492214,0.492214,0.06152675
Goztepe,22 Mayıs 2022,TUR,31,  2021-22,04.03.22,KONGOZ2122,5/22/2022,Mayıs,2122,-3,0,0,1,0,-3,7,0.3632455,0.3632455,0.051892214
Rizespor,22 Mayıs 2022,TUR,1,  2021-22,8/13/2021,BJKRIZ2122,5/22/2022,Mayıs,2122,-3,0,0,1,0,-3,3,0.1866295,0.1866295,0.062209833
Rizespor,22 Mayıs 2022,TUR,13,  2021-22,11/21/2021,KONRIZ2122,5/22/2022,Mayıs,2122,-3,0,0,1,0,-3,26,1.897851,1.897851,0.072994269
Y. Malatyaspor,22 Mayıs 2022,TUR,37,  2021-22,5/14/2022,KAYMLT2122,5/22/2022,Mayıs,2122,-3,0,0,1,0,-3,12,0.3680149,0.3680149,0.030667908
Rizespor,22 Mayıs 2022,TUR,7,  2021-22,9/26/2021,BSKRIZ2122,5/22/2022,Mayıs,2122,-3,0,0,1,0,-3,14,1.191857,1.191857,0.085132643
Trabzonspor,22 Mayıs 2022,TUR,38,  2021-22,5/22/2022,BSKTRB2122,5/22/2022,Mayıs,2122,-2,1,1,1,0,-2,14,1.997449,1.997449,0.142674929
Fenerbahce,22 Mayıs 2022,TUR,9,  2021-22,10/17/2021,TRBFEN2122,5/22/2022,Mayıs,2122,-2,1,1,1,0,-2,5,0.4920961,0.4920961,0.09841922
Hatayspor,22 Mayıs 2022,TUR,20,  2021-22,01.08.22,KSPHAT2122,5/22/2022,Mayıs,2122,-2,1,1,1,0,-2,13,0.812089,0.812089,0.062468385
F. Karagumruk,22 Mayıs 2022,TUR,15,  2021-22,12.05.21,GIRKGM2122,5/22/2022,Mayıs,2122,-2,1,1,1,0,-2,6,1.663804,1.663804,0.277300667
Altay,22 Mayıs 2022,TUR,4,  2021-22,09.11.21,KONALT2122,5/22/2022,Mayıs,2122,-2,1,1,1,0,-2,15,1.810815,1.810815,0.120721
Kayserispor,22 Mayıs 2022,TUR,23,  2021-22,1/23/2022,KSPKAY2122,5/22/2022,Mayıs,2122,-2,1,1,1,0,-2,10,0.9726321,0.9726321,0.09726321
Antalyaspor,22 Mayıs 2022,TUR,13,  2021-22,11/20/2021,HATANT2122,5/22/2022,Mayıs,2122,-2,1,1,1,0,-2,12,2.050017,2.050017,0.17083475
Hatayspor,22 Mayıs 2022,TUR,37,  2021-22,5/15/2022,KONHAT2122,5/22/2022,Mayıs,2122,-2,1,1,1,0,-2,7,1.055438,1.055438,0.150776857
Giresunspor,22 Mayıs 2022,TUR,18,  2021-22,12/21/2021,BSKGIR2122,5/22/2022,Mayıs,2122,-2,1,1,1,0,-2,6,0.5630701,0.5630701,0.093845017
F. Karagumruk,22 Mayıs 2022,TUR,20,  2021-22,01.08.22,GAZKGM2122,5/22/2022,Mayıs,2122,-2,1,1,1,0,-2,15,2.268316,2.268316,0.151221067
Galatasaray,22 Mayıs 2022,TUR,30,  2021-22,3/20/2022,GAZGAL2122,5/22/2022,Mayıs,2122,-2,1,1,1,0,-2,13,1.04509,1.04509,0.080391538
Basaksehir,22 Mayıs 2022,TUR,8,  2021-22,10.01.21,KGMBSK2122,5/22/2022,Mayıs,2122,-2,1,1,1,0,-2,18,1.595809,1.595809,0.088656056
Altay,22 Mayıs 2022,TUR,17,  2021-22,12/17/2021,GIRALT2122,5/22/2022,Mayıs,2122,-2,1,1,1,0,-2,15,1.679315,1.679315,0.111954333
Altay,22 Mayıs 2022,TUR,32,  2021-22,04.10.22,ADSALT2122,5/22/2022,Mayıs,2122,-2,1,1,1,0,-2,13,0.975711,0.975711,0.075054692
Goztepe,22 Mayıs 2022,TUR,27,  2021-22,2/27/2022,GIRGOZ2122,5/22/2022,Mayıs,2122,-2,1,1,1,0,-2,9,0.601493,0.601493,0.066832556
Goztepe,22 Mayıs 2022,TUR,16,  2021-22,12.11.21,RIZGOZ2122,5/22/2022,Mayıs,2122,-2,1,1,1,0,-2,14,0.7947515,0.7947515,0.056767964
Goztepe,22 Mayıs 2022,TUR,36,  2021-22,05.07.22,KGMGOZ2122,5/22/2022,Mayıs,2122,-2,1,1,1,0,-2,5,0.4053947,0.4053947,0.08107894
Rizespor,22 Mayıs 2022,TUR,29,  2021-22,03.12.22,KSPRIZ2122,5/22/2022,Mayıs,2122,-2,1,1,1,0,-2,9,1.044349,1.044349,0.116038778
Rizespor,22 Mayıs 2022,TUR,5,  2021-22,9/18/2021,ADSRIZ2122,5/22/2022,Mayıs,2122,-2,1,1,1,0,-2,9,0.7899316,0.7899316,0.087770178
Trabzonspor,22 Mayıs 2022,TUR,30,  2021-22,3/18/2022,RIZTRB2122,5/22/2022,Mayıs,2122,-1,2,2,1,0,-1,10,1.436508,1.436508,0.1436508
Konyaspor,22 Mayıs 2022,TUR,14,  2021-22,11/28/2021,GAZKON2122,5/22/2022,Mayıs,2122,-1,2,2,1,0,-1,13,1.681314,1.681314,0.129331846
Konyaspor,22 Mayıs 2022,TUR,36,  2021-22,05.09.22,ANTKON2122,5/22/2022,Mayıs,2122,-1,2,2,1,0,-1,15,2.07652,2.07652,0.138434667
Besiktas,22 Mayıs 2022,TUR,9,  2021-22,10/15/2021,BSKBJK2122,5/22/2022,Mayıs,2122,-1,2,2,1,0,-1,18,1.895204,1.895204,0.105289111
Fenerbahce,22 Mayıs 2022,TUR,16,  2021-22,12/13/2021,GAZFEN2122,5/22/2022,Mayıs,2122,-1,2,2,1,0,-1,14,1.482871,1.482871,0.105919357
Adana Demirspor,22 Mayıs 2022,TUR,37,  2021-22,5/16/2022,GALADS2122,5/22/2022,Mayıs,2122,-1,2,2,1,0,-1,10,0.4295545,0.4295545,0.04295545
Kayserispor,22 Mayıs 2022,TUR,27,  2021-22,2/25/2022,TRBKAY2122,5/22/2022,Mayıs,2122,-1,2,2,1,0,-1,17,2.562646,2.562646,0.150743882
Kasimpasa,22 Mayıs 2022,TUR,32,  2021-22,04.09.22,KGMKSP2122,5/22/2022,Mayıs,2122,-1,2,2,1,0,-1,16,2.769027,2.769027,0.173064187
Gaziantep,22 Mayıs 2022,TUR,27,  2021-22,2/27/2022,ALTGAZ2122,5/22/2022,Mayıs,2122,-1,2,2,1,0,-1,12,1.645939,1.645939,0.137161583
Gaziantep,22 Mayıs 2022,TUR,1,  2021-22,8/14/2021,KGMGAZ2122,5/22/2022,Mayıs,2122,-1,2,2,1,0,-1,11,2.041878,2.041878,0.185625273
Gaziantep,22 Mayıs 2022,TUR,35,  2021-22,4/29/2022,FENGAZ2122,5/22/2022,Mayıs,2122,-1,2,2,1,0,-1,8,1.196949,1.196949,0.149618625
Rizespor,22 Mayıs 2022,TUR,3,  2021-22,8/27/2021,ANTRIZ2122,5/22/2022,Mayıs,2122,-1,2,2,1,0,-1,12,1.483083,1.483083,0.12359025
Hatayspor,22 Mayıs 2022,TUR,14,  2021-22,11/28/2021,SIVHAT2122,5/22/2022,Mayıs,2122,-4,0,0,1,0,-4,2,0.04860162,0.04860162,0.02430081
Adana Demirspor,22 Mayıs 2022,TUR,33,  2021-22,4/17/2022,KSPADS2122,5/22/2022,Mayıs,2122,-4,0,0,1,0,-4,9,0.5757787,0.5757787,0.063975411
F. Karagumruk,22 Mayıs 2022,TUR,7,  2021-22,9/25/2021,SIVKGM2122,5/22/2022,Mayıs,2122,-4,0,0,1,0,-4,12,0.6303807,0.6303807,0.052531725
Gaziantep,22 Mayıs 2022,TUR,7,  2021-22,9/25/2021,ADSGAZ2122,5/22/2022,Mayıs,2122,-4,0,0,1,0,-4,8,0.9283398,0.9283398,0.116042475
Antalyaspor,22 Mayıs 2022,TUR,20,  2021-22,01.09.22,GOZANT2122,5/22/2022,Mayıs,2122,-4,0,0,1,0,-4,15,0.8948884,0.8948884,0.059659227
Adana Demirspor,22 Mayıs 2022,TUR,4,  2021-22,09.11.21,KGMADS2122,5/22/2022,Mayıs,2122,-4,0,0,1,0,-4,11,0.6108543,0.6108543,0.055532209
Rizespor,22 Mayıs 2022,TUR,15,  2021-22,12.05.21,FENRIZ2122,5/22/2022,Mayıs,2122,-4,0,0,1,0,-4,4,0.2882365,0.2882365,0.072059125
Altay,22 Mayıs 2022,TUR,8,  2021-22,10.03.21,GAZALT2122,5/22/2022,Mayıs,2122,-3,1,1,1,0,-3,13,1.52428,1.52428,0.117252308
Alanyaspor,22 Mayıs 2022,TUR,32,  2021-22,04.09.22,BJKALA2122,5/22/2022,Mayıs,2122,-3,1,1,1,0,-3,4,0.5171951,0.5171951,0.129298775
Hatayspor,22 Mayıs 2022,TUR,32,  2021-22,04.11.22,ANTHAT2122,5/22/2022,Mayıs,2122,-3,1,1,1,0,-3,6,0.6247731,0.6247731,0.10412885
Gaziantep,22 Mayıs 2022,TUR,33,  2021-22,4/17/2022,KONGAZ2122,5/22/2022,Mayıs,2122,-3,1,1,1,0,-3,8,1.254627,1.254627,0.156828375
Giresunspor,22 Mayıs 2022,TUR,30,  2021-22,3/20/2022,ANTGIR2122,5/22/2022,Mayıs,2122,-3,1,1,1,0,-3,14,2.154379,2.154379,0.153884214
Giresunspor,22 Mayıs 2022,TUR,38,  2021-22,5/22/2022,HATGIR2122,5/22/2022,Mayıs,2122,-3,1,1,1,0,-3,6,0.2755541,0.2755541,0.045925683
Galatasaray,22 Mayıs 2022,TUR,21,  2021-22,1/16/2022,HATGAL2122,5/22/2022,Mayıs,2122,-2,2,2,1,0,-2,13,2.899313,2.899313,0.223024077
Kayserispor,22 Mayıs 2022,TUR,16,  2021-22,12.12.21,BJKKAY2122,5/22/2022,Mayıs,2122,-2,2,2,1,0,-2,6,0.8099162,0.8099162,0.134986033
Goztepe,22 Mayıs 2022,TUR,29,  2021-22,03.12.22,TRBGOZ2122,5/22/2022,Mayıs,2122,-2,2,2,1,0,-2,15,1.604217,1.604217,0.1069478
Rizespor,22 Mayıs 2022,TUR,27,  2021-22,2/27/2022,GALRIZ2122,5/22/2022,Mayıs,2122,-2,2,2,1,0,-2,7,0.5081869,0.5081869,0.072598129
Hatayspor,22 Mayıs 2022,TUR,24,  2021-22,02.04.22,KAYHAT2122,5/22/2022,Mayıs,2122,-1,3,3,1,0,-1,16,1.738168,1.738168,0.1086355
F. Karagumruk,22 Mayıs 2022,TUR,23,  2021-22,1/22/2022,ADSKGM2122,5/22/2022,Mayıs,2122,-5,0,0,1,0,-5,8,0.4193565,0.4193565,0.052419563
Alanyaspor,22 Mayıs 2022,TUR,3,  2021-22,8/28/2021,HATALA2122,5/22/2022,Mayıs,2122,-5,0,0,1,0,-5,8,0.6674582,0.6674582,0.083432275
Konyaspor,22 Mayıs 2022,TUR,27,  2021-22,2/27/2022,ALAKON2122,5/22/2022,Mayıs,2122,-4,1,1,1,0,-4,14,0.6074697,0.6074697,0.043390693
Sivasspor,22 Mayıs 2022,TUR,24,  2021-22,02.05.22,GAZSIV2122,5/22/2022,Mayıs,2122,-4,1,1,1,0,-4,13,0.7095493,0.7095493,0.054580715
Y. Malatyaspor,22 Mayıs 2022,TUR,27,  2021-22,2/27/2022,HATMLT2122,5/22/2022,Mayıs,2122,-3,2,2,1,0,-3,14,2.432197,2.432197,0.173728357
Hatayspor,22 Mayıs 2022,TUR,22,  2021-22,1/20/2022,ALAHAT2122,5/22/2022,Mayıs,2122,-6,0,0,1,0,-6,2,0.05252342,0.05252342,0.02626171
Kayserispor,22 Mayıs 2022,TUR,9,  2021-22,10/18/2021,ALAKAY2122,5/22/2022,Mayıs,2122,-3,3,3,1,0,-3,13,2.177623,2.177623,0.167509462
Goztepe,22 Mayıs 2022,TUR,38,  2021-22,5/22/2022,ADSGOZ2122,5/22/2022,Mayıs,2122,-7,0,0,1,0,-7,6,0.3194817,0.3194817,0.05324695
Trabzonspor,22 Mayıs 2022,TUR,32,  2021-22,04.09.22,GAZTRB2122,5/22/2022,Mayıs,2122,0,0,0,1,1,100,19,1.182808,1.182808,0.062253053
Basaksehir,22 Mayıs 2022,TUR,19,  2021-22,12/25/2021,TRBBSK2122,5/22/2022,Mayıs,2122,0,0,0,1,1,100,7,0.369796,0.369796,0.052828
Konyaspor,22 Mayıs 2022,TUR,5,  2021-22,9/19/2021,GIRKON2122,5/22/2022,Mayıs,2122,0,0,0,1,1,100,9,0.3947588,0.3947588,0.043862089
Adana Demirspor,22 Mayıs 2022,TUR,31,  2021-22,04.04.22,HATADS2122,5/22/2022,Mayıs,2122,0,0,0,1,1,100,17,2.318904,2.318904,0.136406118
Besiktas,22 Mayıs 2022,TUR,2,  2021-22,8/21/2021,GAZBJK2122,5/22/2022,Mayıs,2122,0,0,0,1,1,100,7,0.5277651,0.5277651,0.075395014
Besiktas,22 Mayıs 2022,TUR,33,  2021-22,4/17/2022,GIRBJK2122,5/22/2022,Mayıs,2122,0,0,0,1,1,100,14,0.7271894,0.7271894,0.0519421
F. Karagumruk,22 Mayıs 2022,TUR,37,  2021-22,5/15/2022,FENKGM2122,5/22/2022,Mayıs,2122,0,0,0,1,1,100,12,0.908966,0.908966,0.075747167
Galatasaray,22 Mayıs 2022,TUR,14,  2021-22,11/28/2021,MLTGAL2122,5/22/2022,Mayıs,2122,0,0,0,1,1,100,13,1.403335,1.403335,0.107948846
F. Karagumruk,22 Mayıs 2022,TUR,2,  2021-22,8/21/2021,RIZKGM2122,5/22/2022,Mayıs,2122,0,0,0,1,1,100,10,0.5910888,0.5910888,0.05910888
Gaziantep,22 Mayıs 2022,TUR,23,  2021-22,1/23/2022,ANTGAZ2122,5/22/2022,Mayıs,2122,0,0,0,1,1,100,14,1.345514,1.345514,0.096108143
Galatasaray,22 Mayıs 2022,TUR,36,  2021-22,05.07.22,BSKGAL2122,5/22/2022,Mayıs,2122,0,0,0,1,1,100,11,0.9518193,0.9518193,0.086529027
Altay,22 Mayıs 2022,TUR,14,  2021-22,11/26/2021,BSKALT2122,5/22/2022,Mayıs,2122,0,0,0,1,1,100,6,0.2256135,0.2256135,0.03760225
Gaziantep,22 Mayıs 2022,TUR,17,  2021-22,12/19/2021,KAYGAZ2122,5/22/2022,Mayıs,2122,0,0,0,1,1,100,10,1.149423,1.149423,0.1149423
Antalyaspor,22 Mayıs 2022,TUR,27,  2021-22,2/25/2022,ADSANT2122,5/22/2022,Mayıs,2122,0,0,0,1,1,100,10,0.363621,0.363621,0.0363621
Antalyaspor,22 Mayıs 2022,TUR,6,  2021-22,9/21/2021,KGMANT2122,5/22/2022,Mayıs,2122,0,0,0,1,1,100,12,1.387601,1.387601,0.115633417
Antalyaspor,22 Mayıs 2022,TUR,24,  2021-22,02.06.22,BJKANT2122,5/22/2022,Mayıs,2122,0,0,0,1,1,100,5,0.528208,0.528208,0.1056416
Giresunspor,22 Mayıs 2022,TUR,12,  2021-22,11.06.21,SIVGIR2122,5/22/2022,Mayıs,2122,0,0,0,1,1,100,13,1.025374,1.025374,0.078874923
Y. Malatyaspor,22 Mayıs 2022,TUR,15,  2021-22,12.06.21,KONMLT2122,5/22/2022,Mayıs,2122,0,0,0,1,1,100,8,0.2776486,0.2776486,0.034706075
Rizespor,22 Mayıs 2022,TUR,23,  2021-22,1/23/2022,HATRIZ2122,5/22/2022,Mayıs,2122,0,0,0,1,1,100,7,0.354254,0.354254,0.050607714
Altay,22 Mayıs 2022,TUR,28,  2021-22,03.06.22,KGMALT2122,5/22/2022,Mayıs,2122,0,0,0,1,1,100,6,0.5887775,0.5887775,0.098129583
Rizespor,22 Mayıs 2022,TUR,25,  2021-22,02.11.22,ALTRIZ2122,5/22/2022,Mayıs,2122,0,0,0,1,1,100,10,1.26766,1.26766,0.126766
Kasimpasa,22 Mayıs 2022,TUR,14,  2021-22,11/26/2021,ADSKSP2122,5/22/2022,Mayıs,2122,0,0,0,1,1,100,13,0.9445415,0.9445415,0.072657038
Y. Malatyaspor,22 Mayıs 2022,TUR,22,  2021-22,2/23/2022,GAZMLT2122,5/22/2022,Mayıs,2122,0,0,0,1,1,100,10,1.549277,1.549277,0.1549277
Trabzonspor,22 Mayıs 2022,TUR,28,  2021-22,03.06.22,FENTRB2122,5/22/2022,Mayıs,2122,0,1,1,1,1,100,17,2.158396,2.158396,0.126964471
Trabzonspor,22 Mayıs 2022,TUR,21,  2021-22,1/15/2022,SIVTRB2122,5/22/2022,Mayıs,2122,0,1,1,1,1,100,10,0.9018564,0.9018564,0.09018564
Trabzonspor,22 Mayıs 2022,TUR,36,  2021-22,05.06.22,HATTRB2122,5/22/2022,Mayıs,2122,0,1,1,1,1,100,15,2.452741,2.452741,0.163516067
Hatayspor,22 Mayıs 2022,TUR,10,  2021-22,10/24/2021,KGMHAT2122,5/22/2022,Mayıs,2122,0,1,1,1,1,100,9,1.703176,1.703176,0.189241778
Fenerbahce,22 Mayıs 2022,TUR,36,  2021-22,05.08.22,BJKFEN2122,5/22/2022,Mayıs,2122,0,1,1,1,1,100,8,0.825971,0.825971,0.103246375
Konyaspor,22 Mayıs 2022,TUR,38,  2021-22,5/21/2022,BJKKON2122,5/22/2022,Mayıs,2122,0,1,1,1,1,100,12,1.496985,1.496985,0.12474875
Basaksehir,22 Mayıs 2022,TUR,20,  2021-22,01.08.22,ALABSK2122,5/22/2022,Mayıs,2122,0,1,1,1,1,100,12,1.390916,1.390916,0.115909667
Basaksehir,22 Mayıs 2022,TUR,17,  2021-22,12/18/2021,GALBSK2122,5/22/2022,Mayıs,2122,0,1,1,1,1,100,8,0.7542344,0.7542344,0.0942793
Galatasaray,22 Mayıs 2022,TUR,12,  2021-22,11.07.21,KGMGAL2122,5/22/2022,Mayıs,2122,0,1,1,1,1,100,20,1.880855,1.880855,0.09404275
Fenerbahce,22 Mayıs 2022,TUR,18,  2021-22,12/22/2021,KGMFEN2122,5/22/2022,Mayıs,2122,0,1,1,1,1,100,29,3.618517,3.618517,0.124776448
Basaksehir,22 Mayıs 2022,TUR,37,  2021-22,5/15/2022,GIRBSK2122,5/22/2022,Mayıs,2122,0,1,1,1,1,100,8,0.8006891,0.8006891,0.100086138
Basaksehir,22 Mayıs 2022,TUR,33,  2021-22,4/16/2022,ALTBSK2122,5/22/2022,Mayıs,2122,0,1,1,1,1,100,18,1.11041,1.11041,0.061689444
Fenerbahce,22 Mayıs 2022,TUR,14,  2021-22,11/29/2021,GOZFEN2122,5/22/2022,Mayıs,2122,0,1,1,1,1,100,4,0.4911235,0.4911235,0.122780875
Konyaspor,22 Mayıs 2022,TUR,3,  2021-22,8/27/2021,ADSKON2122,5/22/2022,Mayıs,2122,0,1,1,1,1,100,9,1.104258,1.104258,0.122695333
Fenerbahce,22 Mayıs 2022,TUR,23,  2021-22,1/22/2022,SIVFEN2122,5/22/2022,Mayıs,2122,0,1,1,1,1,100,9,1.55684,1.55684,0.172982222
Fenerbahce,22 Mayıs 2022,TUR,21,  2021-22,1/15/2022,ANTFEN2122,5/22/2022,Mayıs,2122,0,1,1,1,1,100,4,0.3340113,0.3340113,0.083502825
Adana Demirspor,22 Mayıs 2022,TUR,19,  2021-22,12/26/2021,GOZADS2122,5/22/2022,Mayıs,2122,0,1,1,1,1,100,9,0.6448372,0.6448372,0.071648578
Alanyaspor,22 Mayıs 2022,TUR,7,  2021-22,9/27/2021,TRBALA2122,5/22/2022,Mayıs,2122,0,1,1,1,1,100,19,2.091312,2.091312,0.110069053
Hatayspor,22 Mayıs 2022,TUR,30,  2021-22,3/19/2022,BJKHAT2122,5/22/2022,Mayıs,2122,0,1,1,1,1,100,10,1.124859,1.124859,0.1124859
Besiktas,22 Mayıs 2022,TUR,23,  2021-22,1/22/2022,MLTBJK2122,5/22/2022,Mayıs,2122,0,1,1,1,1,100,18,2.829592,2.829592,0.157199556
Besiktas,22 Mayıs 2022,TUR,31,  2021-22,04.03.22,TRBBJK2122,5/22/2022,Mayıs,2122,0,1,1,1,1,100,15,2.193179,2.193179,0.146211933
Besiktas,22 Mayıs 2022,TUR,25,  2021-22,2/14/2022,ADSBJK2122,5/22/2022,Mayıs,2122,0,1,1,1,1,100,12,1.467131,1.467131,0.122260917
Kayserispor,22 Mayıs 2022,TUR,7,  2021-22,9/26/2021,GIRKAY2122,5/22/2022,Mayıs,2122,0,1,1,1,1,100,6,0.620647,0.620647,0.103441167
Alanyaspor,22 Mayıs 2022,TUR,8,  2021-22,10.02.21,KONALA2122,5/22/2022,Mayıs,2122,0,1,1,1,1,100,11,2.081737,2.081737,0.189248818
Besiktas,22 Mayıs 2022,TUR,15,  2021-22,12.03.21,KSPBJK2122,5/22/2022,Mayıs,2122,0,1,1,1,1,100,14,2.11159,2.11159,0.150827857
Goztepe,22 Mayıs 2022,TUR,1,  2021-22,8/15/2021,ANTGOZ2122,5/22/2022,Mayıs,2122,0,1,1,1,1,100,12,0.9711612,0.9711612,0.0809301
F. Karagumruk,22 Mayıs 2022,TUR,33,  2021-22,4/15/2022,TRBKGM2122,5/22/2022,Mayıs,2122,0,1,1,1,1,100,11,0.9096884,0.9096884,0.082698945
Kayserispor,22 Mayıs 2022,TUR,25,  2021-22,02.12.22,GALKAY2122,5/22/2022,Mayıs,2122,0,1,1,1,1,100,5,0.5616374,0.5616374,0.11232748
Adana Demirspor,22 Mayıs 2022,TUR,10,  2021-22,10/24/2021,SIVADS2122,5/22/2022,Mayıs,2122,0,1,1,1,1,100,12,1.433689,1.433689,0.119474083
F. Karagumruk,22 Mayıs 2022,TUR,19,  2021-22,12/26/2021,ALAKGM2122,5/22/2022,Mayıs,2122,0,1,1,1,1,100,13,0.9323663,0.9323663,0.071720485
Adana Demirspor,22 Mayıs 2022,TUR,2,  2021-22,8/20/2021,KAYADS2122,5/22/2022,Mayıs,2122,0,1,1,1,1,100,12,0.8118877,0.8118877,0.067657308
Kasimpasa,22 Mayıs 2022,TUR,1,  2021-22,8/14/2021,HATKSP2122,5/22/2022,Mayıs,2122,0,1,1,1,1,100,11,0.9141724,0.9141724,0.083106582
Kayserispor,22 Mayıs 2022,TUR,21,  2021-22,1/15/2022,ADSKAY2122,5/22/2022,Mayıs,2122,0,1,1,1,1,100,16,1.450928,1.450928,0.090683
Gaziantep,22 Mayıs 2022,TUR,5,  2021-22,9/18/2021,SIVGAZ2122,5/22/2022,Mayıs,2122,0,1,1,1,1,100,15,0.8262711,0.8262711,0.05508474
Galatasaray,22 Mayıs 2022,TUR,24,  2021-22,02.06.22,ALAGAL2122,5/22/2022,Mayıs,2122,0,1,1,1,1,100,7,0.8621461,0.8621461,0.123163729
Galatasaray,22 Mayıs 2022,TUR,38,  2021-22,5/20/2022,ANTGAL2122,5/22/2022,Mayıs,2122,0,1,1,1,1,100,13,1.270551,1.270551,0.097734692
Sivasspor,22 Mayıs 2022,TUR,33,  2021-22,4/16/2022,HATSIV2122,5/22/2022,Mayıs,2122,0,1,1,1,1,100,8,1.364752,1.364752,0.170594
Sivasspor,22 Mayıs 2022,TUR,11,  2021-22,10/30/2021,ALTSIV2122,5/22/2022,Mayıs,2122,0,1,1,1,1,100,12,1.60115,1.60115,0.133429167
Giresunspor,22 Mayıs 2022,TUR,22,  2021-22,1/19/2022,TRBGIR2122,5/22/2022,Mayıs,2122,0,1,1,1,1,100,6,0.9317985,0.9317985,0.15529975
Kayserispor,22 Mayıs 2022,TUR,34,  2021-22,4/24/2022,ANTKAY2122,5/22/2022,Mayıs,2122,0,1,1,1,1,100,12,1.371869,1.371869,0.114322417
Giresunspor,22 Mayıs 2022,TUR,36,  2021-22,05.08.22,ALTGIR2122,5/22/2022,Mayıs,2122,0,1,1,1,1,100,8,1.199067,1.199067,0.149883375
Kayserispor,22 Mayıs 2022,TUR,36,  2021-22,05.06.22,GAZKAY2122,5/22/2022,Mayıs,2122,0,1,1,1,1,100,8,0.55493,0.55493,0.06936625
Sivasspor,22 Mayıs 2022,TUR,4,  2021-22,09.12.21,FENSIV2122,5/22/2022,Mayıs,2122,0,1,1,1,1,100,7,1.109311,1.109311,0.158473
Giresunspor,22 Mayıs 2022,TUR,10,  2021-22,10/23/2021,GAZGIR2122,5/22/2022,Mayıs,2122,0,1,1,1,1,100,15,1.576113,1.576113,0.1050742
Rizespor,22 Mayıs 2022,TUR,18,  2021-22,12/22/2021,SIVRIZ2122,5/22/2022,Mayıs,2122,0,1,1,1,1,100,6,0.5713629,0.5713629,0.09522715
Goztepe,22 Mayıs 2022,TUR,13,  2021-22,11/22/2021,KAYGOZ2122,5/22/2022,Mayıs,2122,0,1,1,1,1,100,8,0.7849217,0.7849217,0.098115213
Rizespor,22 Mayıs 2022,TUR,33,  2021-22,4/15/2022,KAYRIZ2122,5/22/2022,Mayıs,2122,0,1,1,1,1,100,9,1.188362,1.188362,0.132040222
Goztepe,22 Mayıs 2022,TUR,34,  2021-22,4/23/2022,GAZGOZ2122,5/22/2022,Mayıs,2122,0,1,1,1,1,100,13,1.342302,1.342302,0.103254
Kasimpasa,22 Mayıs 2022,TUR,18,  2021-22,12/21/2021,ANTKSP2122,5/22/2022,Mayıs,2122,0,1,1,1,1,100,11,1.604799,1.604799,0.145890818
Trabzonspor,22 Mayıs 2022,TUR,6,  2021-22,9/23/2021,KONTRB2122,5/22/2022,Mayıs,2122,0,2,2,1,1,100,15,0.7857302,0.7857302,0.052382013
Basaksehir,22 Mayıs 2022,TUR,28,  2021-22,03.07.22,BJKBSK2122,5/22/2022,Mayıs,2122,0,2,2,1,1,100,4,1.167009,1.167009,0.29175225
Galatasaray,22 Mayıs 2022,TUR,3,  2021-22,8/29/2021,KSPGAL2122,5/22/2022,Mayıs,2122,0,2,2,1,1,100,13,1.577286,1.577286,0.121329692
Galatasaray,22 Mayıs 2022,TUR,4,  2021-22,09.12.21,TRBGAL2122,5/22/2022,Mayıs,2122,0,2,2,1,1,100,15,1.539323,1.539323,0.102621533
Alanyaspor,22 Mayıs 2022,TUR,25,  2021-22,2/13/2022,KSPALA2122,5/22/2022,Mayıs,2122,0,2,2,1,1,100,10,1.46937,1.46937,0.146937
Konyaspor,22 Mayıs 2022,TUR,7,  2021-22,9/27/2021,KSPKON2122,5/22/2022,Mayıs,2122,0,2,2,1,1,100,9,0.783037,0.783037,0.087004111
Hatayspor,22 Mayıs 2022,TUR,28,  2021-22,03.07.22,GAZHAT2122,5/22/2022,Mayıs,2122,0,2,2,1,1,100,8,1.271707,1.271707,0.158963375
Antalyaspor,22 Mayıs 2022,TUR,35,  2021-22,4/30/2022,TRBANT2122,5/22/2022,Mayıs,2122,0,2,2,1,1,100,12,2.266168,2.266168,0.188847333
Besiktas,22 Mayıs 2022,TUR,17,  2021-22,12/19/2021,FENBJK2122,5/22/2022,Mayıs,2122,0,2,2,1,1,100,14,0.9213186,0.9213186,0.065808471
Besiktas,22 Mayıs 2022,TUR,20,  2021-22,01.09.22,RIZBJK2122,5/22/2022,Mayıs,2122,0,2,2,1,1,100,22,3.515741,3.515741,0.159806409
Sivasspor,22 Mayıs 2022,TUR,31,  2021-22,04.02.22,GIRSIV2122,5/22/2022,Mayıs,2122,0,2,2,1,1,100,12,2.022974,2.022974,0.168581167
Kayserispor,22 Mayıs 2022,TUR,12,  2021-22,11.07.21,FENKAY2122,5/22/2022,Mayıs,2122,0,2,2,1,1,100,8,2.921719,2.921719,0.365214875
Altay,22 Mayıs 2022,TUR,15,  2021-22,12.04.21,GALALT2122,5/22/2022,Mayıs,2122,0,2,2,1,1,100,13,1.677846,1.677846,0.129065077
Antalyaspor,22 Mayıs 2022,TUR,9,  2021-22,10/16/2021,SIVANT2122,5/22/2022,Mayıs,2122,0,2,2,1,1,100,9,0.5513073,0.5513073,0.061256367
Goztepe,22 Mayıs 2022,TUR,3,  2021-22,8/29/2021,SIVGOZ2122,5/22/2022,Mayıs,2122,0,2,2,1,1,100,8,1.463513,1.463513,0.182939125
Kayserispor,22 Mayıs 2022,TUR,18,  2021-22,12/23/2021,MLTKAY2122,5/22/2022,Mayıs,2122,0,2,2,1,1,100,9,0.7874456,0.7874456,0.087493956
Goztepe,22 Mayıs 2022,TUR,11,  2021-22,10/31/2021,ALAGOZ2122,5/22/2022,Mayıs,2122,0,2,2,1,1,100,11,1.65418,1.65418,0.15038
Adana Demirspor,22 Mayıs 2022,TUR,6,  2021-22,9/21/2021,BJKADS2122,5/22/2022,Mayıs,2122,0,3,3,1,1,100,12,1.393736,1.393736,0.116144667
Kasimpasa,22 Mayıs 2022,TUR,26,  2021-22,2/18/2022,KONKSP2122,5/22/2022,Mayıs,2122,0,4,4,1,1,100,10,2.335624,2.335624,0.2335624
Trabzonspor,22 Mayıs 2022,TUR,10,  2021-22,10/23/2021,GOZTRB2122,5/22/2022,Mayıs,2122,1,1,1,1,3,301,6,0.2879017,0.2879017,0.047983617
Trabzonspor,22 Mayıs 2022,TUR,3,  2021-22,8/29/2021,GIRTRB2122,5/22/2022,Mayıs,2122,1,1,1,1,3,301,13,1.623837,1.623837,0.124910538
Trabzonspor,22 Mayıs 2022,TUR,5,  2021-22,9/18/2021,KSPTRB2122,5/22/2022,Mayıs,2122,1,1,1,1,3,301,12,0.8016344,0.8016344,0.066802867
Konyaspor,22 Mayıs 2022,TUR,23,  2021-22,1/23/2022,ALTKON2122,5/22/2022,Mayıs,2122,1,1,1,1,3,301,13,2.010819,2.010819,0.154678385
Basaksehir,22 Mayıs 2022,TUR,24,  2021-22,02.05.22,FENBSK2122,5/22/2022,Mayıs,2122,1,1,1,1,3,301,14,1.404813,1.404813,0.100343786
Alanyaspor,22 Mayıs 2022,TUR,1,  2021-22,8/15/2021,BSKALA2122,5/22/2022,Mayıs,2122,1,1,1,1,3,301,8,0.6643181,0.6643181,0.083039763
F. Karagumruk,22 Mayıs 2022,TUR,9,  2021-22,10/17/2021,ALTKGM2122,5/22/2022,Mayıs,2122,1,1,1,1,3,301,4,1.533358,1.533358,0.3833395
Alanyaspor,22 Mayıs 2022,TUR,38,  2021-22,5/22/2022,KGMALA2122,5/22/2022,Mayıs,2122,1,1,1,1,3,301,18,3.043252,3.043252,0.169069556
Hatayspor,22 Mayıs 2022,TUR,19,  2021-22,12/25/2021,GIRHAT2122,5/22/2022,Mayıs,2122,1,1,1,1,3,301,9,1.60084,1.60084,0.177871111
Besiktas,22 Mayıs 2022,TUR,22,  2021-22,1/18/2022,KGMBJK2122,5/22/2022,Mayıs,2122,1,1,1,1,3,301,11,1.43177,1.43177,0.130160909
Fenerbahce,22 Mayıs 2022,TUR,1,  2021-22,8/15/2021,ADSFEN2122,5/22/2022,Mayıs,2122,1,1,1,1,3,301,14,1.402887,1.402887,0.100206214
Konyaspor,22 Mayıs 2022,TUR,1,  2021-22,8/16/2021,SIVKON2122,5/22/2022,Mayıs,2122,1,1,1,1,3,301,14,1.611637,1.611637,0.115116929
Sivasspor,22 Mayıs 2022,TUR,20,  2021-22,01.09.22,KONSIV2122,5/22/2022,Mayıs,2122,1,1,1,1,3,301,11,0.6912032,0.6912032,0.062836655
Alanyaspor,22 Mayıs 2022,TUR,5,  2021-22,9/19/2021,GALALA2122,5/22/2022,Mayıs,2122,1,1,1,1,3,301,9,1.171409,1.171409,0.130156556
Gaziantep,22 Mayıs 2022,TUR,19,  2021-22,12/26/2021,RIZGAZ2122,5/22/2022,Mayıs,2122,1,1,1,1,3,301,12,2.221426,2.221426,0.185118833
Y. Malatyaspor,22 Mayıs 2022,TUR,2,  2021-22,8/22/2021,GOZMLT2122,5/22/2022,Mayıs,2122,1,1,1,1,3,301,11,0.9580243,0.9580243,0.087093118
F. Karagumruk,22 Mayıs 2022,TUR,17,  2021-22,12/19/2021,GOZKGM2122,5/22/2022,Mayıs,2122,1,1,1,1,3,301,17,1.566604,1.566604,0.092153176
Sivasspor,22 Mayıs 2022,TUR,15,  2021-22,12.04.21,ALASIV2122,5/22/2022,Mayıs,2122,1,1,1,1,3,301,10,0.832081,0.832081,0.0832081
Antalyaspor,22 Mayıs 2022,TUR,29,  2021-22,3/14/2022,BSKANT2122,5/22/2022,Mayıs,2122,1,1,1,1,3,301,6,0.8101162,0.8101162,0.135019367
Sivasspor,22 Mayıs 2022,TUR,6,  2021-22,9/21/2021,MLTSIV2122,5/22/2022,Mayıs,2122,1,1,1,1,3,301,11,0.9620769,0.9620769,0.087461536
Galatasaray,22 Mayıs 2022,TUR,34,  2021-22,4/24/2022,ALTGAL2122,5/22/2022,Mayıs,2122,1,1,1,1,3,301,7,1.232377,1.232377,0.176053857
Kayserispor,22 Mayıs 2022,TUR,3,  2021-22,8/28/2021,BSKKAY2122,5/22/2022,Mayıs,2122,1,1,1,1,3,301,5,0.6608931,0.6608931,0.13217862
Giresunspor,22 Mayıs 2022,TUR,20,  2021-22,01.08.22,GALGIR2122,5/22/2022,Mayıs,2122,1,1,1,1,3,301,6,0.7063251,0.7063251,0.11772085
Giresunspor,22 Mayıs 2022,TUR,32,  2021-22,04.10.22,MLTGIR2122,5/22/2022,Mayıs,2122,1,1,1,1,3,301,12,2.24283,2.24283,0.1869025
Altay,22 Mayıs 2022,TUR,35,  2021-22,4/30/2022,HATALT2122,5/22/2022,Mayıs,2122,1,1,1,1,3,301,7,0.5038736,0.5038736,0.071981943
Giresunspor,22 Mayıs 2022,TUR,8,  2021-22,10.02.21,GOZGIR2122,5/22/2022,Mayıs,2122,1,1,1,1,3,301,8,1.902605,1.902605,0.237825625
Trabzonspor,22 Mayıs 2022,TUR,14,  2021-22,11/28/2021,KGMTRB2122,5/22/2022,Mayıs,2122,2,2,2,1,3,302,9,1.97618,1.97618,0.219575556
Fenerbahce,22 Mayıs 2022,TUR,3,  2021-22,8/29/2021,ALTFEN2122,5/22/2022,Mayıs,2122,2,2,2,1,3,302,9,1.1079,1.1079,0.1231
Hatayspor,22 Mayıs 2022,TUR,6,  2021-22,9/22/2021,GOZHAT2122,5/22/2022,Mayıs,2122,2,2,2,1,3,302,17,2.256355,2.256355,0.132726765
Basaksehir,22 Mayıs 2022,TUR,26,  2021-22,2/18/2022,RIZBSK2122,5/22/2022,Mayıs,2122,2,2,2,1,3,302,7,1.475841,1.475841,0.210834429
Konyaspor,22 Mayıs 2022,TUR,12,  2021-22,11.07.21,GOZKON2122,5/22/2022,Mayıs,2122,2,2,2,1,3,302,20,2.763289,2.763289,0.13816445
Galatasaray,22 Mayıs 2022,TUR,1,  2021-22,8/16/2021,GIRGAL2122,5/22/2022,Mayıs,2122,2,2,2,1,3,302,10,2.637453,2.637453,0.2637453
Basaksehir,22 Mayıs 2022,TUR,32,  2021-22,04.10.22,SIVBSK2122,5/22/2022,Mayıs,2122,2,2,2,1,3,302,15,1.041871,1.041871,0.069458067
Hatayspor,22 Mayıs 2022,TUR,8,  2021-22,10.03.21,MLTHAT2122,5/22/2022,Mayıs,2122,2,2,2,1,3,302,15,1.80905,1.80905,0.120603333
Alanyaspor,22 Mayıs 2022,TUR,30,  2021-22,3/19/2022,GOZALA2122,5/22/2022,Mayıs,2122,2,2,2,1,3,302,12,1.61473,1.61473,0.134560833
Hatayspor,22 Mayıs 2022,TUR,4,  2021-22,09.12.21,RIZHAT2122,5/22/2022,Mayıs,2122,2,2,2,1,3,302,20,2.58562,2.58562,0.129281
Besiktas,22 Mayıs 2022,TUR,37,  2021-22,5/15/2022,GOZBJK2122,5/22/2022,Mayıs,2122,2,2,2,1,3,302,8,0.7863381,0.7863381,0.098292263
Alanyaspor,22 Mayıs 2022,TUR,21,  2021-22,1/16/2022,ALTALA2122,5/22/2022,Mayıs,2122,2,2,2,1,3,302,12,2.007064,2.007064,0.167255333
Kasimpasa,22 Mayıs 2022,TUR,30,  2021-22,3/19/2022,MLTKSP2122,5/22/2022,Mayıs,2122,2,2,2,1,3,302,14,2.262679,2.262679,0.161619929
Y. Malatyaspor,22 Mayıs 2022,TUR,9,  2021-22,10/16/2021,ADSMLT2122,5/22/2022,Mayıs,2122,2,2,2,1,3,302,10,1.052591,1.052591,0.1052591
Kasimpasa,22 Mayıs 2022,TUR,21,  2021-22,1/16/2022,GIRKSP2122,5/22/2022,Mayıs,2122,2,2,2,1,3,302,14,3.182536,3.182536,0.227324
Altay,22 Mayıs 2022,TUR,24,  2021-22,02.06.22,GOZALT2122,5/22/2022,Mayıs,2122,2,2,2,1,3,302,5,1.101267,1.101267,0.2202534
Adana Demirspor,22 Mayıs 2022,TUR,26,  2021-22,2/20/2022,GAZADS2122,5/22/2022,Mayıs,2122,3,3,3,1,3,303,18,3.508731,3.508731,0.1949295
Basaksehir,22 Mayıs 2022,TUR,15,  2021-22,12.05.21,HATBSK2122,5/22/2022,Mayıs,2122,3,3,3,1,3,303,16,3.115099,3.115099,0.194693687
Kasimpasa,22 Mayıs 2022,TUR,34,  2021-22,4/25/2022,BJKKSP2122,5/22/2022,Mayıs,2122,3,3,3,1,3,303,9,1.454537,1.454537,0.161615222
Trabzonspor,22 Mayıs 2022,TUR,26,  2021-22,2/20/2022,ALATRB2122,5/22/2022,Mayıs,2122,4,4,4,1,3,304,17,3.134759,3.134759,0.184397588
Fenerbahce,22 Mayıs 2022,TUR,31,  2021-22,04.02.22,KAYFEN2122,5/22/2022,Mayıs,2122,4,4,4,1,3,304,17,2.776294,2.776294,0.163311412
Giresunspor,22 Mayıs 2022,TUR,14,  2021-22,11/27/2021,BJKGIR2122,5/22/2022,Mayıs,2122,4,4,4,1,3,304,12,1.766716,1.766716,0.147226333
Fenerbahce,22 Mayıs 2022,TUR,38,  2021-22,5/21/2022,MLTFEN2122,5/22/2022,Mayıs,2122,5,5,5,1,3,305,29,3.54597,3.54597,0.122274828
Fenerbahce,22 Mayıs 2022,TUR,34,  2021-22,4/22/2022,RIZFEN2122,5/22/2022,Mayıs,2122,6,6,6,1,3,306,20,4.948547,4.948547,0.24742735
Fenerbahce,22 Mayıs 2022,TUR,7,  2021-22,9/26/2021,HATFEN2122,5/22/2022,Mayıs,2122,1,2,2,1,3,301,15,3.7193,3.7193,0.247953333
Trabzonspor,22 Mayıs 2022,TUR,12,  2021-22,11.06.21,BJKTRB2122,5/22/2022,Mayıs,2122,1,2,2,1,3,301,8,0.7488734,0.7488734,0.093609175
Trabzonspor,22 Mayıs 2022,TUR,23,  2021-22,1/23/2022,GALTRB2122,5/22/2022,Mayıs,2122,1,2,2,1,3,301,19,0.9681424,0.9681424,0.050954863
Trabzonspor,22 Mayıs 2022,TUR,18,  2021-22,12/21/2021,ALTTRB2122,5/22/2022,Mayıs,2122,1,2,2,1,3,301,15,1.612037,1.612037,0.107469133
Trabzonspor,22 Mayıs 2022,TUR,8,  2021-22,10.02.21,KAYTRB2122,5/22/2022,Mayıs,2122,1,2,2,1,3,301,16,2.274613,2.274613,0.142163312
Hatayspor,22 Mayıs 2022,TUR,16,  2021-22,12.10.21,ALTHAT2122,5/22/2022,Mayıs,2122,1,2,2,1,3,301,12,2.384248,2.384248,0.198687333
Alanyaspor,22 Mayıs 2022,TUR,10,  2021-22,10/24/2021,FENALA2122,5/22/2022,Mayıs,2122,1,2,2,1,3,301,3,0.9045518,0.9045518,0.301517267
Adana Demirspor,22 Mayıs 2022,TUR,20,  2021-22,01.10.22,FENADS2122,5/22/2022,Mayıs,2122,1,2,2,1,3,301,14,1.073217,1.073217,0.076658357
Fenerbahce,22 Mayıs 2022,TUR,27,  2021-22,2/28/2022,KSPFEN2122,5/22/2022,Mayıs,2122,1,2,2,1,3,301,9,2.046006,2.046006,0.227334
Fenerbahce,22 Mayıs 2022,TUR,13,  2021-22,11/21/2021,GALFEN2122,5/22/2022,Mayıs,2122,1,2,2,1,3,301,10,0.6386742,0.6386742,0.06386742
Alanyaspor,22 Mayıs 2022,TUR,36,  2021-22,05.07.22,ADSALA2122,5/22/2022,Mayıs,2122,1,2,2,1,3,301,12,1.408674,1.408674,0.1173895
Alanyaspor,22 Mayıs 2022,TUR,28,  2021-22,03.07.22,KAYALA2122,5/22/2022,Mayıs,2122,1,2,2,1,3,301,15,1.984406,1.984406,0.132293733
Altay,22 Mayıs 2022,TUR,6,  2021-22,9/21/2021,RIZALT2122,5/22/2022,Mayıs,2122,1,2,2,1,3,301,11,1.502526,1.502526,0.136593273
Fenerbahce,22 Mayıs 2022,TUR,25,  2021-22,02.12.22,GIRFEN2122,5/22/2022,Mayıs,2122,1,2,2,1,3,301,18,1.925956,1.925956,0.106997556
F. Karagumruk,22 Mayıs 2022,TUR,35,  2021-22,4/30/2022,KONKGM2122,5/22/2022,Mayıs,2122,1,2,2,1,3,301,11,1.198279,1.198279,0.108934455
F. Karagumruk,22 Mayıs 2022,TUR,27,  2021-22,2/26/2022,BSKKGM2122,5/22/2022,Mayıs,2122,1,2,2,1,3,301,5,1.084156,1.084156,0.2168312
Antalyaspor,22 Mayıs 2022,TUR,31,  2021-22,04.02.22,ALTANT2122,5/22/2022,Mayıs,2122,1,2,2,1,3,301,12,2.595073,2.595073,0.216256083
Adana Demirspor,22 Mayıs 2022,TUR,8,  2021-22,10.01.21,ANTADS2122,5/22/2022,Mayıs,2122,1,2,2,1,3,301,11,1.112445,1.112445,0.101131364
Sivasspor,22 Mayıs 2022,TUR,37,  2021-22,5/16/2022,RIZSIV2122,5/22/2022,Mayıs,2122,1,2,2,1,3,301,14,1.66875,1.66875,0.119196429
Basaksehir,22 Mayıs 2022,TUR,10,  2021-22,10/24/2021,ANTBSK2122,5/22/2022,Mayıs,2122,1,2,2,1,3,301,7,1.351465,1.351465,0.193066429
Goztepe,22 Mayıs 2022,TUR,23,  2021-22,1/22/2022,BSKGOZ2122,5/22/2022,Mayıs,2122,1,2,2,1,3,301,6,1.007312,1.007312,0.167885333
Antalyaspor,22 Mayıs 2022,TUR,11,  2021-22,11.01.21,GIRANT2122,5/22/2022,Mayıs,2122,1,2,2,1,3,301,6,1.1018,1.1018,0.183633333
Antalyaspor,22 Mayıs 2022,TUR,26,  2021-22,2/19/2022,MLTANT2122,5/22/2022,Mayıs,2122,1,2,2,1,3,301,11,0.73846,0.73846,0.067132727
Kayserispor,22 Mayıs 2022,TUR,32,  2021-22,04.09.22,GOZKAY2122,5/22/2022,Mayıs,2122,1,2,2,1,3,301,8,1.208679,1.208679,0.151084875
Giresunspor,22 Mayıs 2022,TUR,28,  2021-22,03.05.22,RIZGIR2122,5/22/2022,Mayıs,2122,1,2,2,1,3,301,15,1.64312,1.64312,0.109541333
Goztepe,22 Mayıs 2022,TUR,21,  2021-22,1/14/2022,MLTGOZ2122,5/22/2022,Mayıs,2122,1,2,2,1,3,301,11,1.88659,1.88659,0.171508182
Goztepe,22 Mayıs 2022,TUR,9,  2021-22,10/17/2021,KSPGOZ2122,5/22/2022,Mayıs,2122,1,2,2,1,3,301,13,0.7996189,0.7996189,0.061509146
Trabzonspor,22 Mayıs 2022,TUR,34,  2021-22,4/23/2022,ADSTRB2122,5/22/2022,Mayıs,2122,2,3,3,1,3,302,11,2.652297,2.652297,0.241117909
Konyaspor,22 Mayıs 2022,TUR,18,  2021-22,12/22/2021,HATKON2122,5/22/2022,Mayıs,2122,2,3,3,1,3,302,12,1.548794,1.548794,0.129066167
Alanyaspor,22 Mayıs 2022,TUR,23,  2021-22,1/23/2022,GIRALA2122,5/22/2022,Mayıs,2122,2,3,3,1,3,302,12,1.634537,1.634537,0.136211417
Adana Demirspor,22 Mayıs 2022,TUR,24,  2021-22,02.06.22,RIZADS2122,5/22/2022,Mayıs,2122,2,3,3,1,3,302,15,1.770361,1.770361,0.118024067
F. Karagumruk,22 Mayıs 2022,TUR,13,  2021-22,11/21/2021,KSPKGM2122,5/22/2022,Mayıs,2122,2,3,3,1,3,302,15,2.604256,2.604256,0.173617067
Adana Demirspor,22 Mayıs 2022,TUR,17,  2021-22,12/18/2021,ALAADS2122,5/22/2022,Mayıs,2122,2,3,3,1,3,302,11,1.504395,1.504395,0.136763182
Antalyaspor,22 Mayıs 2022,TUR,33,  2021-22,4/16/2022,ALAANT2122,5/22/2022,Mayıs,2122,2,3,3,1,3,302,8,1.249049,1.249049,0.156131125
Sivasspor,22 Mayıs 2022,TUR,17,  2021-22,12/18/2021,KSPSIV2122,5/22/2022,Mayıs,2122,2,3,3,1,3,302,7,0.7492252,0.7492252,0.107032171
Basaksehir,22 Mayıs 2022,TUR,12,  2021-22,11.06.21,MLTBSK2122,5/22/2022,Mayıs,2122,2,3,3,1,3,302,11,2.273696,2.273696,0.206699636
Adana Demirspor,22 Mayıs 2022,TUR,13,  2021-22,11/21/2021,ALTADS2122,5/22/2022,Mayıs,2122,2,3,3,1,3,302,15,2.587683,2.587683,0.1725122
Kasimpasa,22 Mayıs 2022,TUR,36,  2021-22,05.07.22,SIVKSP2122,5/22/2022,Mayıs,2122,2,3,3,1,3,302,10,1.436894,1.436894,0.1436894
Kasimpasa,22 Mayıs 2022,TUR,22,  2021-22,1/20/2022,GALKSP2122,5/22/2022,Mayıs,2122,2,3,3,1,3,302,17,2.290247,2.290247,0.134720412
Rizespor,22 Mayıs 2022,TUR,36,  2021-22,05.08.22,MLTRIZ2122,5/22/2022,Mayıs,2122,2,3,3,1,3,302,12,1.924494,1.924494,0.1603745
Altay,22 Mayıs 2022,TUR,2,  2021-22,8/21/2021,ALAALT2122,5/22/2022,Mayıs,2122,3,4,4,1,3,303,23,3.726686,3.726686,0.162029826
Konyaspor,22 Mayıs 2022,TUR,16,  2021-22,12.11.21,KGMKON2122,5/22/2022,Mayıs,2122,3,4,4,1,3,303,11,1.409385,1.409385,0.128125909
Trabzonspor,22 Mayıs 2022,TUR,1,  2021-22,8/16/2021,MLTTRB2122,5/22/2022,Mayıs,2122,4,5,5,1,3,304,14,3.944129,3.944129,0.2817235
Rizespor,22 Mayıs 2022,TUR,35,  2021-22,05.01.22,GOZRIZ2122,5/22/2022,Mayıs,2122,6,7,7,1,3,306,14,2.311975,2.311975,0.165141071
Besiktas,22 Mayıs 2022,TUR,5,  2021-22,9/18/2021,ANTBJK2122,5/22/2022,Mayıs,2122,1,3,3,1,3,301,19,1.797907,1.797907,0.094626684
Konyaspor,22 Mayıs 2022,TUR,29,  2021-22,3/13/2022,KAYKON2122,5/22/2022,Mayıs,2122,1,3,3,1,3,301,18,2.102941,2.102941,0.116830056
Konyaspor,22 Mayıs 2022,TUR,34,  2021-22,4/24/2022,MLTKON2122,5/22/2022,Mayıs,2122,1,3,3,1,3,301,13,1.695857,1.695857,0.130450538
Basaksehir,22 Mayıs 2022,TUR,35,  2021-22,4/30/2022,KSPBSK2122,5/22/2022,Mayıs,2122,1,3,3,1,3,301,16,2.858915,2.858915,0.178682188
Besiktas,22 Mayıs 2022,TUR,27,  2021-22,2/26/2022,SIVBJK2122,5/22/2022,Mayıs,2122,1,3,3,1,3,301,17,2.607494,2.607494,0.153382
Besiktas,22 Mayıs 2022,TUR,35,  2021-22,05.01.22,KAYBJK2122,5/22/2022,Mayıs,2122,1,3,3,1,3,301,17,2.549448,2.549448,0.149967529
Galatasaray,22 Mayıs 2022,TUR,8,  2021-22,10.03.21,RIZGAL2122,5/22/2022,Mayıs,2122,1,3,3,1,3,301,21,3.15474,3.15474,0.150225714
Sivasspor,22 Mayıs 2022,TUR,35,  2021-22,05.01.22,GALSIV2122,5/22/2022,Mayıs,2122,1,3,3,1,3,301,14,1.460476,1.460476,0.104319714
Sivasspor,22 Mayıs 2022,TUR,29,  2021-22,3/13/2022,ADSSIV2122,5/22/2022,Mayıs,2122,1,3,3,1,3,301,9,1.748635,1.748635,0.194292778
Galatasaray,22 Mayıs 2022,TUR,26,  2021-22,2/21/2022,GOZGAL2122,5/22/2022,Mayıs,2122,1,3,3,1,3,301,10,2.514028,2.514028,0.2514028
Kasimpasa,22 Mayıs 2022,TUR,28,  2021-22,03.05.22,GOZKSP2122,5/22/2022,Mayıs,2122,1,3,3,1,3,301,14,1.767265,1.767265,0.126233214
Antalyaspor,22 Mayıs 2022,TUR,37,  2021-22,5/15/2022,KSPANT2122,5/22/2022,Mayıs,2122,2,4,4,1,3,302,21,3.545946,3.545946,0.168854571
Kasimpasa,22 Mayıs 2022,TUR,38,  2021-22,5/21/2022,ALTKSP2122,5/22/2022,Mayıs,2122,2,4,4,1,3,302,12,2.436417,2.436417,0.20303475
Fenerbahce,22 Mayıs 2022,TUR,29,  2021-22,3/13/2022,ALAFEN2122,5/22/2022,Mayıs,2122,3,5,5,1,3,303,18,3.752653,3.752653,0.208480722
Alanyaspor,22 Mayıs 2022,TUR,16,  2021-22,12.12.21,MLTALA2122,5/22/2022,Mayıs,2122,4,6,6,1,3,304,20,3.416356,3.416356,0.1708178
F. Karagumruk,22 Mayıs 2022,TUR,5,  2021-22,9/17/2021,MLTKGM2122,5/22/2022,Mayıs,2122,1,4,4,1,3,301,12,1.297898,1.297898,0.108158167
Konyaspor,22 Mayıs 2022,TUR,20,  2021-22,01.09.22,KONSIV2122,5/22/2022,Mayıs,2122,-1,0,0,1,0,-1,15,0.8069616,0.8069616,0.05379744
Basaksehir,22 Mayıs 2022,TUR,29,  2021-22,3/14/2022,BSKANT2122,5/22/2022,Mayıs,2122,-1,0,0,1,0,-1,15,1.250215,1.250215,0.083347667
Fenerbahce,22 Mayıs 2022,TUR,24,  2021-22,02.05.22,FENBSK2122,5/22/2022,Mayıs,2122,-1,0,0,1,0,-1,13,1.131993,1.131993,0.087076385
Alanyaspor,22 Mayıs 2022,TUR,15,  2021-22,12.04.21,ALASIV2122,5/22/2022,Mayıs,2122,-1,0,0,1,0,-1,9,0.5924057,0.5924057,0.065822856
F. Karagumruk,22 Mayıs 2022,TUR,38,  2021-22,5/22/2022,KGMALA2122,5/22/2022,Mayıs,2122,-1,0,0,1,0,-1,17,2.116437,2.116437,0.124496294
Altay,22 Mayıs 2022,TUR,9,  2021-22,10/17/2021,ALTKGM2122,5/22/2022,Mayıs,2122,-1,0,0,1,0,-1,18,1.446118,1.446118,0.080339889
Galatasaray,22 Mayıs 2022,TUR,5,  2021-22,9/19/2021,GALALA2122,5/22/2022,Mayıs,2122,-1,0,0,1,0,-1,17,0.983339,0.983339,0.057843471
Hatayspor,22 Mayıs 2022,TUR,35,  2021-22,4/30/2022,HATALT2122,5/22/2022,Mayıs,2122,-1,0,0,1,0,-1,10,1.027372,1.027372,0.1027372
Galatasaray,22 Mayıs 2022,TUR,20,  2021-22,01.08.22,GALGIR2122,5/22/2022,Mayıs,2122,-1,0,0,1,0,-1,22,2.363291,2.363291,0.107422318
F. Karagumruk,22 Mayıs 2022,TUR,22,  2021-22,1/18/2022,KGMBJK2122,5/22/2022,Mayıs,2122,-1,0,0,1,0,-1,12,1.009237,1.009237,0.084103083
Adana Demirspor,22 Mayıs 2022,TUR,1,  2021-22,8/15/2021,ADSFEN2122,5/22/2022,Mayıs,2122,-1,0,0,1,0,-1,20,1.476003,1.476003,0.07380015
Goztepe,22 Mayıs 2022,TUR,2,  2021-22,8/22/2021,GOZMLT2122,5/22/2022,Mayıs,2122,-1,0,0,1,0,-1,10,1.369203,1.369203,0.1369203
Kasimpasa,22 Mayıs 2022,TUR,5,  2021-22,9/18/2021,KSPTRB2122,5/22/2022,Mayıs,2122,-1,0,0,1,0,-1,15,0.8059185,0.8059185,0.0537279
Giresunspor,22 Mayıs 2022,TUR,19,  2021-22,12/25/2021,GIRHAT2122,5/22/2022,Mayıs,2122,-1,0,0,1,0,-1,16,1.299336,1.299336,0.0812085
Y. Malatyaspor,22 Mayıs 2022,TUR,6,  2021-22,9/21/2021,MLTSIV2122,5/22/2022,Mayıs,2122,-1,0,0,1,0,-1,9,0.5520179,0.5520179,0.061335322
Basaksehir,22 Mayıs 2022,TUR,1,  2021-22,8/15/2021,BSKALA2122,5/22/2022,Mayıs,2122,-1,0,0,1,0,-1,17,1.016171,1.016171,0.059774765
Sivasspor,22 Mayıs 2022,TUR,1,  2021-22,8/16/2021,SIVKON2122,5/22/2022,Mayıs,2122,-1,0,0,1,0,-1,14,1.045445,1.045445,0.074674643
Rizespor,22 Mayıs 2022,TUR,19,  2021-22,12/26/2021,RIZGAZ2122,5/22/2022,Mayıs,2122,-1,0,0,1,0,-1,9,0.8686143,0.8686143,0.0965127
Altay,22 Mayıs 2022,TUR,34,  2021-22,4/24/2022,ALTGAL2122,5/22/2022,Mayıs,2122,-1,0,0,1,0,-1,14,0.9146789,0.9146789,0.065334207
Goztepe,22 Mayıs 2022,TUR,10,  2021-22,10/23/2021,GOZTRB2122,5/22/2022,Mayıs,2122,-1,0,0,1,0,-1,17,1.639288,1.639288,0.096428706
Goztepe,22 Mayıs 2022,TUR,17,  2021-22,12/19/2021,GOZKGM2122,5/22/2022,Mayıs,2122,-1,0,0,1,0,-1,12,2.54824,2.54824,0.212353333
Goztepe,22 Mayıs 2022,TUR,8,  2021-22,10.02.21,GOZGIR2122,5/22/2022,Mayıs,2122,-1,0,0,1,0,-1,14,2.07265,2.07265,0.148046429
Altay,22 Mayıs 2022,TUR,23,  2021-22,1/23/2022,ALTKON2122,5/22/2022,Mayıs,2122,-1,0,0,1,0,-1,8,1.225266,1.225266,0.15315825
Basaksehir,22 Mayıs 2022,TUR,3,  2021-22,8/28/2021,BSKKAY2122,5/22/2022,Mayıs,2122,-1,0,0,1,0,-1,14,0.8638441,0.8638441,0.06170315
Giresunspor,22 Mayıs 2022,TUR,3,  2021-22,8/29/2021,GIRTRB2122,5/22/2022,Mayıs,2122,-1,0,0,1,0,-1,10,1.048766,1.048766,0.1048766
Y. Malatyaspor,22 Mayıs 2022,TUR,32,  2021-22,04.10.22,MLTGIR2122,5/22/2022,Mayıs,2122,-1,0,0,1,0,-1,10,0.8714422,0.8714422,0.08714422
Altay,22 Mayıs 2022,TUR,3,  2021-22,8/29/2021,ALTFEN2122,5/22/2022,Mayıs,2122,-2,0,0,1,0,-2,9,0.4666994,0.4666994,0.051855489
F. Karagumruk,22 Mayıs 2022,TUR,14,  2021-22,11/28/2021,KGMTRB2122,5/22/2022,Mayıs,2122,-2,0,0,1,0,-2,17,1.486561,1.486561,0.087444765
Adana Demirspor,22 Mayıs 2022,TUR,9,  2021-22,10/16/2021,ADSMLT2122,5/22/2022,Mayıs,2122,-2,0,0,1,0,-2,25,1.654759,1.654759,0.06619036
Sivasspor,22 Mayıs 2022,TUR,32,  2021-22,04.10.22,SIVBSK2122,5/22/2022,Mayıs,2122,-2,0,0,1,0,-2,19,1.170949,1.170949,0.061628895
Giresunspor,22 Mayıs 2022,TUR,21,  2021-22,1/16/2022,GIRKSP2122,5/22/2022,Mayıs,2122,-2,0,0,1,0,-2,11,0.9199765,0.9199765,0.083634227
Goztepe,22 Mayıs 2022,TUR,6,  2021-22,9/22/2021,GOZHAT2122,5/22/2022,Mayıs,2122,-2,0,0,1,0,-2,13,1.137032,1.137032,0.087464
Goztepe,22 Mayıs 2022,TUR,24,  2021-22,02.06.22,GOZALT2122,5/22/2022,Mayıs,2122,-2,0,0,1,0,-2,22,3.002361,3.002361,0.136470955
Giresunspor,22 Mayıs 2022,TUR,1,  2021-22,8/16/2021,GIRGAL2122,5/22/2022,Mayıs,2122,-2,0,0,1,0,-2,7,0.3353926,0.3353926,0.047913229
Y. Malatyaspor,22 Mayıs 2022,TUR,8,  2021-22,10.03.21,MLTHAT2122,5/22/2022,Mayıs,2122,-2,0,0,1,0,-2,15,1.227484,1.227484,0.081832267
Rizespor,22 Mayıs 2022,TUR,26,  2021-22,2/18/2022,RIZBSK2122,5/22/2022,Mayıs,2122,-2,0,0,1,0,-2,17,0.5964001,0.5964001,0.035082359
Goztepe,22 Mayıs 2022,TUR,30,  2021-22,3/19/2022,GOZALA2122,5/22/2022,Mayıs,2122,-2,0,0,1,0,-2,7,0.5923939,0.5923939,0.0846277
Rizespor,22 Mayıs 2022,TUR,4,  2021-22,09.12.21,RIZHAT2122,5/22/2022,Mayıs,2122,-2,0,0,1,0,-2,5,0.3188886,0.3188886,0.06377772
Altay,22 Mayıs 2022,TUR,21,  2021-22,1/16/2022,ALTALA2122,5/22/2022,Mayıs,2122,-2,0,0,1,0,-2,16,1.175762,1.175762,0.073485125
Goztepe,22 Mayıs 2022,TUR,12,  2021-22,11.07.21,GOZKON2122,5/22/2022,Mayıs,2122,-2,0,0,1,0,-2,16,1.388527,1.388527,0.086782938
Goztepe,22 Mayıs 2022,TUR,37,  2021-22,5/15/2022,GOZBJK2122,5/22/2022,Mayıs,2122,-2,0,0,1,0,-2,18,1.97821,1.97821,0.109900556
Y. Malatyaspor,22 Mayıs 2022,TUR,30,  2021-22,3/19/2022,MLTKSP2122,5/22/2022,Mayıs,2122,-2,0,0,1,0,-2,8,0.9773878,0.9773878,0.122173475
Konyaspor,22 Mayıs 2022,TUR,35,  2021-22,4/30/2022,KONKGM2122,5/22/2022,Mayıs,2122,-1,1,1,1,0,-1,15,0.9337451,0.9337451,0.062249673
Basaksehir,22 Mayıs 2022,TUR,27,  2021-22,2/26/2022,BSKKGM2122,5/22/2022,Mayıs,2122,-1,1,1,1,0,-1,13,1.323108,1.323108,0.101777538
Hatayspor,22 Mayıs 2022,TUR,7,  2021-22,9/26/2021,HATFEN2122,5/22/2022,Mayıs,2122,-1,1,1,1,0,-1,9,0.6406358,0.6406358,0.071181756
Fenerbahce,22 Mayıs 2022,TUR,20,  2021-22,01.10.22,FENADS2122,5/22/2022,Mayıs,2122,-1,1,1,1,0,-1,16,2.507846,2.507846,0.156740375
Fenerbahce,22 Mayıs 2022,TUR,10,  2021-22,10/24/2021,FENALA2122,5/22/2022,Mayıs,2122,-1,1,1,1,0,-1,20,2.384941,2.384941,0.11924705
Basaksehir,22 Mayıs 2022,TUR,23,  2021-22,1/22/2022,BSKGOZ2122,5/22/2022,Mayıs,2122,-1,1,1,1,0,-1,20,1.91795,1.91795,0.0958975
Besiktas,22 Mayıs 2022,TUR,12,  2021-22,11.06.21,BJKTRB2122,5/22/2022,Mayıs,2122,-1,1,1,1,0,-1,17,1.787429,1.787429,0.105142882
Galatasaray,22 Mayıs 2022,TUR,13,  2021-22,11/21/2021,GALFEN2122,5/22/2022,Mayıs,2122,-1,1,1,1,0,-1,14,1.876744,1.876744,0.134053143
Adana Demirspor,22 Mayıs 2022,TUR,36,  2021-22,05.07.22,ADSALA2122,5/22/2022,Mayıs,2122,-1,1,1,1,0,-1,14,0.9982851,0.9982851,0.071306079
Kayserispor,22 Mayıs 2022,TUR,28,  2021-22,03.07.22,KAYALA2122,5/22/2022,Mayıs,2122,-1,1,1,1,0,-1,3,0.2232953,0.2232953,0.074431767
Kayserispor,22 Mayıs 2022,TUR,8,  2021-22,10.02.21,KAYTRB2122,5/22/2022,Mayıs,2122,-1,1,1,1,0,-1,18,0.9804314,0.9804314,0.054468411
Antalyaspor,22 Mayıs 2022,TUR,8,  2021-22,10.01.21,ANTADS2122,5/22/2022,Mayıs,2122,-1,1,1,1,0,-1,13,1.244998,1.244998,0.095769077
Galatasaray,22 Mayıs 2022,TUR,23,  2021-22,1/23/2022,GALTRB2122,5/22/2022,Mayıs,2122,-1,1,1,1,0,-1,17,1.387181,1.387181,0.081598882
Kasimpasa,22 Mayıs 2022,TUR,27,  2021-22,2/28/2022,KSPFEN2122,5/22/2022,Mayıs,2122,-1,1,1,1,0,-1,16,1.31344,1.31344,0.08209
Altay,22 Mayıs 2022,TUR,18,  2021-22,12/21/2021,ALTTRB2122,5/22/2022,Mayıs,2122,-1,1,1,1,0,-1,14,1.362762,1.362762,0.097340143
Altay,22 Mayıs 2022,TUR,16,  2021-22,12.10.21,ALTHAT2122,5/22/2022,Mayıs,2122,-1,1,1,1,0,-1,5,0.4126812,0.4126812,0.08253624
Giresunspor,22 Mayıs 2022,TUR,25,  2021-22,02.12.22,GIRFEN2122,5/22/2022,Mayıs,2122,-1,1,1,1,0,-1,13,1.514814,1.514814,0.116524154
Altay,22 Mayıs 2022,TUR,31,  2021-22,04.02.22,ALTANT2122,5/22/2022,Mayıs,2122,-1,1,1,1,0,-1,13,2.126365,2.126365,0.163566538
Rizespor,22 Mayıs 2022,TUR,37,  2021-22,5/16/2022,RIZSIV2122,5/22/2022,Mayıs,2122,-1,1,1,1,0,-1,9,2.139235,2.139235,0.237692778
Antalyaspor,22 Mayıs 2022,TUR,10,  2021-22,10/24/2021,ANTBSK2122,5/22/2022,Mayıs,2122,-1,1,1,1,0,-1,13,0.8454209,0.8454209,0.065032377
Giresunspor,22 Mayıs 2022,TUR,11,  2021-22,11.01.21,GIRANT2122,5/22/2022,Mayıs,2122,-1,1,1,1,0,-1,16,2.063752,2.063752,0.1289845
Goztepe,22 Mayıs 2022,TUR,32,  2021-22,04.09.22,GOZKAY2122,5/22/2022,Mayıs,2122,-1,1,1,1,0,-1,19,2.242244,2.242244,0.118012842
Rizespor,22 Mayıs 2022,TUR,28,  2021-22,03.05.22,RIZGIR2122,5/22/2022,Mayıs,2122,-1,1,1,1,0,-1,5,0.3111217,0.3111217,0.06222434
Kasimpasa,22 Mayıs 2022,TUR,9,  2021-22,10/17/2021,KSPGOZ2122,5/22/2022,Mayıs,2122,-1,1,1,1,0,-1,13,1.51777,1.51777,0.116751538
Rizespor,22 Mayıs 2022,TUR,6,  2021-22,9/21/2021,RIZALT2122,5/22/2022,Mayıs,2122,-1,1,1,1,0,-1,16,1.180209,1.180209,0.073763063
Y. Malatyaspor,22 Mayıs 2022,TUR,26,  2021-22,2/19/2022,MLTANT2122,5/22/2022,Mayıs,2122,-1,1,1,1,0,-1,15,1.317379,1.317379,0.087825267
Y. Malatyaspor,22 Mayıs 2022,TUR,21,  2021-22,1/14/2022,MLTGOZ2122,5/22/2022,Mayıs,2122,-1,1,1,1,0,-1,14,1.44554,1.44554,0.103252857
Hatayspor,22 Mayıs 2022,TUR,15,  2021-22,12.05.21,HATBSK2122,5/22/2022,Mayıs,2122,-3,0,0,1,0,-3,5,0.5866186,0.5866186,0.11732372
Besiktas,22 Mayıs 2022,TUR,34,  2021-22,4/25/2022,BJKKSP2122,5/22/2022,Mayıs,2122,-3,0,0,1,0,-3,15,1.942976,1.942976,0.129531733
Gaziantep,22 Mayıs 2022,TUR,26,  2021-22,2/20/2022,GAZADS2122,5/22/2022,Mayıs,2122,-3,0,0,1,0,-3,9,0.678341,0.678341,0.075371222
Adana Demirspor,22 Mayıs 2022,TUR,34,  2021-22,4/23/2022,ADSTRB2122,5/22/2022,Mayıs,2122,-2,1,1,1,0,-2,14,1.613254,1.613254,0.115232429
Hatayspor,22 Mayıs 2022,TUR,18,  2021-22,12/22/2021,HATKON2122,5/22/2022,Mayıs,2122,-2,1,1,1,0,-2,7,1.409184,1.409184,0.201312
Alanyaspor,22 Mayıs 2022,TUR,17,  2021-22,12/18/2021,ALAADS2122,5/22/2022,Mayıs,2122,-2,1,1,1,0,-2,10,0.683906,0.683906,0.0683906
Alanyaspor,22 Mayıs 2022,TUR,33,  2021-22,4/16/2022,ALAANT2122,5/22/2022,Mayıs,2122,-2,1,1,1,0,-2,14,1.375473,1.375473,0.098248071
Altay,22 Mayıs 2022,TUR,13,  2021-22,11/21/2021,ALTADS2122,5/22/2022,Mayıs,2122,-2,1,1,1,0,-2,17,1.982626,1.982626,0.116625059
Sivasspor,22 Mayıs 2022,TUR,36,  2021-22,05.07.22,SIVKSP2122,5/22/2022,Mayıs,2122,-2,1,1,1,0,-2,14,1.17592,1.17592,0.083994286
Galatasaray,22 Mayıs 2022,TUR,22,  2021-22,1/20/2022,GALKSP2122,5/22/2022,Mayıs,2122,-2,1,1,1,0,-2,14,1.662846,1.662846,0.118774714
Giresunspor,22 Mayıs 2022,TUR,23,  2021-22,1/23/2022,GIRALA2122,5/22/2022,Mayıs,2122,-2,1,1,1,0,-2,15,1.945019,1.945019,0.129667933
Y. Malatyaspor,22 Mayıs 2022,TUR,12,  2021-22,11.06.21,MLTBSK2122,5/22/2022,Mayıs,2122,-2,1,1,1,0,-2,5,0.6776812,0.6776812,0.13553624
Rizespor,22 Mayıs 2022,TUR,24,  2021-22,02.06.22,RIZADS2122,5/22/2022,Mayıs,2122,-2,1,1,1,0,-2,19,2.449769,2.449769,0.128935211
Kasimpasa,22 Mayıs 2022,TUR,13,  2021-22,11/21/2021,KSPKGM2122,5/22/2022,Mayıs,2122,-2,1,1,1,0,-2,19,1.621232,1.621232,0.085328
Kasimpasa,22 Mayıs 2022,TUR,17,  2021-22,12/18/2021,KSPSIV2122,5/22/2022,Mayıs,2122,-2,1,1,1,0,-2,13,0.638326,0.638326,0.049102
Y. Malatyaspor,22 Mayıs 2022,TUR,36,  2021-22,05.08.22,MLTRIZ2122,5/22/2022,Mayıs,2122,-2,1,1,1,0,-2,13,1.491974,1.491974,0.114767231
Adana Demirspor,22 Mayıs 2022,TUR,29,  2021-22,3/13/2022,ADSSIV2122,5/22/2022,Mayıs,2122,-1,2,2,1,0,-1,11,2.137271,2.137271,0.194297364
Kayserispor,22 Mayıs 2022,TUR,29,  2021-22,3/13/2022,KAYKON2122,5/22/2022,Mayıs,2122,-1,2,2,1,0,-1,14,1.050264,1.050264,0.075018857
Kasimpasa,22 Mayıs 2022,TUR,35,  2021-22,4/30/2022,KSPBSK2122,5/22/2022,Mayıs,2122,-1,2,2,1,0,-1,13,1.944517,1.944517,0.149578231
Sivasspor,22 Mayıs 2022,TUR,27,  2021-22,2/26/2022,SIVBJK2122,5/22/2022,Mayıs,2122,-1,2,2,1,0,-1,20,2.169627,2.169627,0.10848135
Galatasaray,22 Mayıs 2022,TUR,35,  2021-22,05.01.22,GALSIV2122,5/22/2022,Mayıs,2122,-1,2,2,1,0,-1,10,1.706496,1.706496,0.1706496
Kayserispor,22 Mayıs 2022,TUR,35,  2021-22,05.01.22,KAYBJK2122,5/22/2022,Mayıs,2122,-1,2,2,1,0,-1,13,2.052699,2.052699,0.157899923
Antalyaspor,22 Mayıs 2022,TUR,5,  2021-22,9/18/2021,ANTBJK2122,5/22/2022,Mayıs,2122,-1,2,2,1,0,-1,11,1.3305,1.3305,0.120954545
Goztepe,22 Mayıs 2022,TUR,26,  2021-22,2/21/2022,GOZGAL2122,5/22/2022,Mayıs,2122,-1,2,2,1,0,-1,13,2.380317,2.380317,0.183101308
Goztepe,22 Mayıs 2022,TUR,28,  2021-22,03.05.22,GOZKSP2122,5/22/2022,Mayıs,2122,-1,2,2,1,0,-1,8,1.239358,1.239358,0.15491975
Y. Malatyaspor,22 Mayıs 2022,TUR,34,  2021-22,4/24/2022,MLTKON2122,5/22/2022,Mayıs,2122,-1,2,2,1,0,-1,11,1.806189,1.806189,0.164199
Rizespor,22 Mayıs 2022,TUR,8,  2021-22,10.03.21,RIZGAL2122,5/22/2022,Mayıs,2122,-1,2,2,1,0,-1,11,3.067261,3.067261,0.278841909
Alanyaspor,22 Mayıs 2022,TUR,26,  2021-22,2/20/2022,ALATRB2122,5/22/2022,Mayıs,2122,-4,0,0,1,0,-4,17,2.241338,2.241338,0.131843412
Besiktas,22 Mayıs 2022,TUR,14,  2021-22,11/27/2021,BJKGIR2122,5/22/2022,Mayıs,2122,-4,0,0,1,0,-4,13,1.171751,1.171751,0.090134692
Kayserispor,22 Mayıs 2022,TUR,31,  2021-22,04.02.22,KAYFEN2122,5/22/2022,Mayıs,2122,-4,0,0,1,0,-4,7,0.4319785,0.4319785,0.061711214
Alanyaspor,22 Mayıs 2022,TUR,2,  2021-22,8/21/2021,ALAALT2122,5/22/2022,Mayıs,2122,-3,1,1,1,0,-3,10,2.088611,2.088611,0.2088611
F. Karagumruk,22 Mayıs 2022,TUR,16,  2021-22,12.11.21,KGMKON2122,5/22/2022,Mayıs,2122,-3,1,1,1,0,-3,9,0.4144808,0.4144808,0.046053422
Kasimpasa,22 Mayıs 2022,TUR,37,  2021-22,5/15/2022,KSPANT2122,5/22/2022,Mayıs,2122,-2,2,2,1,0,-2,16,2.834526,2.834526,0.177157875
Altay,22 Mayıs 2022,TUR,38,  2021-22,5/21/2022,ALTKSP2122,5/22/2022,Mayıs,2122,-2,2,2,1,0,-2,12,1.566335,1.566335,0.130527917
Y. Malatyaspor,22 Mayıs 2022,TUR,5,  2021-22,9/17/2021,MLTKGM2122,5/22/2022,Mayıs,2122,-1,3,3,1,0,-1,8,0.7517935,0.7517935,0.093974188
Y. Malatyaspor,22 Mayıs 2022,TUR,38,  2021-22,5/21/2022,MLTFEN2122,5/22/2022,Mayıs,2122,-5,0,0,1,0,-5,7,0.8970411,0.8970411,0.128148729
Y. Malatyaspor,22 Mayıs 2022,TUR,1,  2021-22,8/16/2021,MLTTRB2122,5/22/2022,Mayıs,2122,-4,1,1,1,0,-4,16,0.9783262,0.9783262,0.061145388
Alanyaspor,22 Mayıs 2022,TUR,29,  2021-22,3/13/2022,ALAFEN2122,5/22/2022,Mayıs,2122,-3,2,2,1,0,-3,14,0.9097349,0.9097349,0.064981064
Rizespor,22 Mayıs 2022,TUR,34,  2021-22,4/22/2022,RIZFEN2122,5/22/2022,Mayıs,2122,-6,0,0,1,0,-6,9,0.6549404,0.6549404,0.072771156
Y. Malatyaspor,22 Mayıs 2022,TUR,16,  2021-22,12.12.21,MLTALA2122,5/22/2022,Mayıs,2122,-4,2,2,1,0,-4,20,3.191364,3.191364,0.1595682
Goztepe,22 Mayıs 2022,TUR,35,  2021-22,05.01.22,GOZRIZ2122,5/22/2022,Mayıs,2122,-6,1,1,1,0,-6,19,2.097926,2.097926,0.110417158
Trabzonspor,22 Mayıs 2022,TUR,19,  2021-22,12/25/2021,TRBBSK2122,5/22/2022,Mayıs,2122,0,0,0,1,1,100,11,0.9013919,0.9013919,0.081944718
Fenerbahce,22 Mayıs 2022,TUR,37,  2021-22,5/15/2022,FENKGM2122,5/22/2022,Mayıs,2122,0,0,0,1,1,100,16,1.274853,1.274853,0.079678313
Konyaspor,22 Mayıs 2022,TUR,15,  2021-22,12.06.21,KONMLT2122,5/22/2022,Mayıs,2122,0,0,0,1,1,100,17,1.616745,1.616745,0.095102647
Basaksehir,22 Mayıs 2022,TUR,36,  2021-22,05.07.22,BSKGAL2122,5/22/2022,Mayıs,2122,0,0,0,1,1,100,21,1.530803,1.530803,0.072895381
Adana Demirspor,22 Mayıs 2022,TUR,27,  2021-22,2/25/2022,ADSANT2122,5/22/2022,Mayıs,2122,0,0,0,1,1,100,14,0.9305576,0.9305576,0.0664684
Basaksehir,22 Mayıs 2022,TUR,14,  2021-22,11/26/2021,BSKALT2122,5/22/2022,Mayıs,2122,0,0,0,1,1,100,20,2.375698,2.375698,0.1187849
Hatayspor,22 Mayıs 2022,TUR,31,  2021-22,04.04.22,HATADS2122,5/22/2022,Mayıs,2122,0,0,0,1,1,100,10,0.5353435,0.5353435,0.05353435
Besiktas,22 Mayıs 2022,TUR,24,  2021-22,02.06.22,BJKANT2122,5/22/2022,Mayıs,2122,0,0,0,1,1,100,17,2.00721,2.00721,0.118071176
F. Karagumruk,22 Mayıs 2022,TUR,6,  2021-22,9/21/2021,KGMANT2122,5/22/2022,Mayıs,2122,0,0,0,1,1,100,16,3.043804,3.043804,0.19023775
Hatayspor,22 Mayıs 2022,TUR,23,  2021-22,1/23/2022,HATRIZ2122,5/22/2022,Mayıs,2122,0,0,0,1,1,100,13,1.07896,1.07896,0.082996923
F. Karagumruk,22 Mayıs 2022,TUR,28,  2021-22,03.06.22,KGMALT2122,5/22/2022,Mayıs,2122,0,0,0,1,1,100,17,1.198642,1.198642,0.070508353
Adana Demirspor,22 Mayıs 2022,TUR,14,  2021-22,11/26/2021,ADSKSP2122,5/22/2022,Mayıs,2122,0,0,0,1,1,100,12,1.282572,1.282572,0.106881
Gaziantep,22 Mayıs 2022,TUR,22,  2021-22,2/23/2022,GAZMLT2122,5/22/2022,Mayıs,2122,0,0,0,1,1,100,16,1.118414,1.118414,0.069900875
Gaziantep,22 Mayıs 2022,TUR,2,  2021-22,8/21/2021,GAZBJK2122,5/22/2022,Mayıs,2122,0,0,0,1,1,100,10,0.9627448,0.9627448,0.09627448
Gaziantep,22 Mayıs 2022,TUR,32,  2021-22,04.09.22,GAZTRB2122,5/22/2022,Mayıs,2122,0,0,0,1,1,100,17,1.206096,1.206096,0.070946824
Kayserispor,22 Mayıs 2022,TUR,17,  2021-22,12/19/2021,KAYGAZ2122,5/22/2022,Mayıs,2122,0,0,0,1,1,100,9,0.7572645,0.7572645,0.0841405
Sivasspor,22 Mayıs 2022,TUR,12,  2021-22,11.06.21,SIVGIR2122,5/22/2022,Mayıs,2122,0,0,0,1,1,100,7,0.2803109,0.2803109,0.040044414
Giresunspor,22 Mayıs 2022,TUR,33,  2021-22,4/17/2022,GIRBJK2122,5/22/2022,Mayıs,2122,0,0,0,1,1,100,9,1.660962,1.660962,0.184551333
Rizespor,22 Mayıs 2022,TUR,2,  2021-22,8/21/2021,RIZKGM2122,5/22/2022,Mayıs,2122,0,0,0,1,1,100,7,1.001368,1.001368,0.143052571
Y. Malatyaspor,22 Mayıs 2022,TUR,14,  2021-22,11/28/2021,MLTGAL2122,5/22/2022,Mayıs,2122,0,0,0,1,1,100,7,0.3969478,0.3969478,0.056706829
Antalyaspor,22 Mayıs 2022,TUR,23,  2021-22,1/23/2022,ANTGAZ2122,5/22/2022,Mayıs,2122,0,0,0,1,1,100,11,0.3738712,0.3738712,0.033988291
Giresunspor,22 Mayıs 2022,TUR,5,  2021-22,9/19/2021,GIRKON2122,5/22/2022,Mayıs,2122,0,0,0,1,1,100,16,0.8530864,0.8530864,0.0533179
Altay,22 Mayıs 2022,TUR,25,  2021-22,02.11.22,ALTRIZ2122,5/22/2022,Mayıs,2122,0,0,0,1,1,100,12,1.08797,1.08797,0.090664167
Trabzonspor,22 Mayıs 2022,TUR,31,  2021-22,04.03.22,TRBBJK2122,5/22/2022,Mayıs,2122,0,1,1,1,1,100,8,0.5223914,0.5223914,0.065298925
Trabzonspor,22 Mayıs 2022,TUR,33,  2021-22,4/15/2022,TRBKGM2122,5/22/2022,Mayıs,2122,0,1,1,1,1,100,30,3.757242,3.757242,0.1252414
Trabzonspor,22 Mayıs 2022,TUR,22,  2021-22,1/19/2022,TRBGIR2122,5/22/2022,Mayıs,2122,0,1,1,1,1,100,23,2.06256,2.06256,0.089676522
Trabzonspor,22 Mayıs 2022,TUR,7,  2021-22,9/27/2021,TRBALA2122,5/22/2022,Mayıs,2122,0,1,1,1,1,100,19,1.545481,1.545481,0.081341105
Fenerbahce,22 Mayıs 2022,TUR,4,  2021-22,09.12.21,FENSIV2122,5/22/2022,Mayıs,2122,0,1,1,1,1,100,13,1.227428,1.227428,0.094417538
Fenerbahce,22 Mayıs 2022,TUR,28,  2021-22,03.06.22,FENTRB2122,5/22/2022,Mayıs,2122,0,1,1,1,1,100,11,1.480378,1.480378,0.134579818
Adana Demirspor,22 Mayıs 2022,TUR,25,  2021-22,2/14/2022,ADSBJK2122,5/22/2022,Mayıs,2122,0,1,1,1,1,100,17,1.724046,1.724046,0.101414471
Adana Demirspor,22 Mayıs 2022,TUR,21,  2021-22,1/15/2022,ADSKAY2122,5/22/2022,Mayıs,2122,0,1,1,1,1,100,12,1.176979,1.176979,0.098081583
Alanyaspor,22 Mayıs 2022,TUR,24,  2021-22,02.06.22,ALAGAL2122,5/22/2022,Mayıs,2122,0,1,1,1,1,100,14,1.211419,1.211419,0.086529929
F. Karagumruk,22 Mayıs 2022,TUR,10,  2021-22,10/24/2021,KGMHAT2122,5/22/2022,Mayıs,2122,0,1,1,1,1,100,12,1.197398,1.197398,0.099783167
Besiktas,22 Mayıs 2022,TUR,38,  2021-22,5/21/2022,BJKKON2122,5/22/2022,Mayıs,2122,0,1,1,1,1,100,21,1.24481,1.24481,0.059276667
Konyaspor,22 Mayıs 2022,TUR,8,  2021-22,10.02.21,KONALA2122,5/22/2022,Mayıs,2122,0,1,1,1,1,100,18,1.133865,1.133865,0.0629925
Besiktas,22 Mayıs 2022,TUR,36,  2021-22,05.08.22,BJKFEN2122,5/22/2022,Mayıs,2122,0,1,1,1,1,100,9,2.358338,2.358338,0.262037556
Antalyaspor,22 Mayıs 2022,TUR,38,  2021-22,5/20/2022,ANTGAL2122,5/22/2022,Mayıs,2122,0,1,1,1,1,100,14,2.29888,2.29888,0.164205714
F. Karagumruk,22 Mayıs 2022,TUR,12,  2021-22,11.07.21,KGMGAL2122,5/22/2022,Mayıs,2122,0,1,1,1,1,100,5,0.7976456,0.7976456,0.15952912
Besiktas,22 Mayıs 2022,TUR,30,  2021-22,3/19/2022,BJKHAT2122,5/22/2022,Mayıs,2122,0,1,1,1,1,100,22,2.375671,2.375671,0.107985045
Alanyaspor,22 Mayıs 2022,TUR,19,  2021-22,12/26/2021,ALAKGM2122,5/22/2022,Mayıs,2122,0,1,1,1,1,100,17,1.301545,1.301545,0.076561471
Antalyaspor,22 Mayıs 2022,TUR,34,  2021-22,4/24/2022,ANTKAY2122,5/22/2022,Mayıs,2122,0,1,1,1,1,100,7,0.6190387,0.6190387,0.0884341
Antalyaspor,22 Mayıs 2022,TUR,1,  2021-22,8/15/2021,ANTGOZ2122,5/22/2022,Mayıs,2122,0,1,1,1,1,100,4,1.259599,1.259599,0.31489975
Hatayspor,22 Mayıs 2022,TUR,33,  2021-22,4/16/2022,HATSIV2122,5/22/2022,Mayıs,2122,0,1,1,1,1,100,7,0.5851246,0.5851246,0.083589229
Altay,22 Mayıs 2022,TUR,11,  2021-22,10/30/2021,ALTSIV2122,5/22/2022,Mayıs,2122,0,1,1,1,1,100,13,1.192629,1.192629,0.091740692
Sivasspor,22 Mayıs 2022,TUR,18,  2021-22,12/22/2021,SIVRIZ2122,5/22/2022,Mayıs,2122,0,1,1,1,1,100,22,1.949456,1.949456,0.088611636
Sivasspor,22 Mayıs 2022,TUR,21,  2021-22,1/15/2022,SIVTRB2122,5/22/2022,Mayıs,2122,0,1,1,1,1,100,10,1.005656,1.005656,0.1005656
Alanyaspor,22 Mayıs 2022,TUR,20,  2021-22,01.08.22,ALABSK2122,5/22/2022,Mayıs,2122,0,1,1,1,1,100,13,1.308817,1.308817,0.100678231
Sivasspor,22 Mayıs 2022,TUR,23,  2021-22,1/22/2022,SIVFEN2122,5/22/2022,Mayıs,2122,0,1,1,1,1,100,18,1.428021,1.428021,0.0793345
F. Karagumruk,22 Mayıs 2022,TUR,18,  2021-22,12/22/2021,KGMFEN2122,5/22/2022,Mayıs,2122,0,1,1,1,1,100,2,0.4696072,0.4696072,0.2348036
Hatayspor,22 Mayıs 2022,TUR,1,  2021-22,8/14/2021,HATKSP2122,5/22/2022,Mayıs,2122,0,1,1,1,1,100,10,0.9157799,0.9157799,0.09157799
Hatayspor,22 Mayıs 2022,TUR,36,  2021-22,05.06.22,HATTRB2122,5/22/2022,Mayıs,2122,0,1,1,1,1,100,10,1.682627,1.682627,0.1682627
Galatasaray,22 Mayıs 2022,TUR,17,  2021-22,12/18/2021,GALBSK2122,5/22/2022,Mayıs,2122,0,1,1,1,1,100,18,1.399863,1.399863,0.077770167
Gaziantep,22 Mayıs 2022,TUR,10,  2021-22,10/23/2021,GAZGIR2122,5/22/2022,Mayıs,2122,0,1,1,1,1,100,7,0.2279668,0.2279668,0.032566686
Kayserispor,22 Mayıs 2022,TUR,13,  2021-22,11/22/2021,KAYGOZ2122,5/22/2022,Mayıs,2122,0,1,1,1,1,100,16,2.310181,2.310181,0.144386313
Galatasaray,22 Mayıs 2022,TUR,25,  2021-22,02.12.22,GALKAY2122,5/22/2022,Mayıs,2122,0,1,1,1,1,100,26,3.564047,3.564047,0.137078731
Adana Demirspor,22 Mayıs 2022,TUR,3,  2021-22,8/27/2021,ADSKON2122,5/22/2022,Mayıs,2122,0,1,1,1,1,100,14,1.060909,1.060909,0.075779214
Sivasspor,22 Mayıs 2022,TUR,10,  2021-22,10/24/2021,SIVADS2122,5/22/2022,Mayıs,2122,0,1,1,1,1,100,5,0.3797916,0.3797916,0.07595832
Kayserispor,22 Mayıs 2022,TUR,33,  2021-22,4/15/2022,KAYRIZ2122,5/22/2022,Mayıs,2122,0,1,1,1,1,100,14,0.9259122,0.9259122,0.066136586
Antalyaspor,22 Mayıs 2022,TUR,18,  2021-22,12/21/2021,ANTKSP2122,5/22/2022,Mayıs,2122,0,1,1,1,1,100,9,0.8229865,0.8229865,0.091442944
Giresunspor,22 Mayıs 2022,TUR,37,  2021-22,5/15/2022,GIRBSK2122,5/22/2022,Mayıs,2122,0,1,1,1,1,100,9,1.131181,1.131181,0.125686778
Antalyaspor,22 Mayıs 2022,TUR,21,  2021-22,1/15/2022,ANTFEN2122,5/22/2022,Mayıs,2122,0,1,1,1,1,100,14,1.055656,1.055656,0.075404
Gaziantep,22 Mayıs 2022,TUR,34,  2021-22,4/23/2022,GAZGOZ2122,5/22/2022,Mayıs,2122,0,1,1,1,1,100,16,2.010964,2.010964,0.12568525
Kayserispor,22 Mayıs 2022,TUR,2,  2021-22,8/20/2021,KAYADS2122,5/22/2022,Mayıs,2122,0,1,1,1,1,100,12,1.192895,1.192895,0.099407917
Gaziantep,22 Mayıs 2022,TUR,36,  2021-22,05.06.22,GAZKAY2122,5/22/2022,Mayıs,2122,0,1,1,1,1,100,12,1.303486,1.303486,0.108623833
Altay,22 Mayıs 2022,TUR,33,  2021-22,4/16/2022,ALTBSK2122,5/22/2022,Mayıs,2122,0,1,1,1,1,100,11,0.8310326,0.8310326,0.075548418
Goztepe,22 Mayıs 2022,TUR,14,  2021-22,11/29/2021,GOZFEN2122,5/22/2022,Mayıs,2122,0,1,1,1,1,100,12,1.710877,1.710877,0.142573083
Sivasspor,22 Mayıs 2022,TUR,5,  2021-22,9/18/2021,SIVGAZ2122,5/22/2022,Mayıs,2122,0,1,1,1,1,100,8,1.307519,1.307519,0.163439875
Altay,22 Mayıs 2022,TUR,36,  2021-22,05.08.22,ALTGIR2122,5/22/2022,Mayıs,2122,0,1,1,1,1,100,17,1.585015,1.585015,0.093236176
Goztepe,22 Mayıs 2022,TUR,19,  2021-22,12/26/2021,GOZADS2122,5/22/2022,Mayıs,2122,0,1,1,1,1,100,16,0.8962377,0.8962377,0.056014856
Giresunspor,22 Mayıs 2022,TUR,7,  2021-22,9/26/2021,GIRKAY2122,5/22/2022,Mayıs,2122,0,1,1,1,1,100,21,1.781931,1.781931,0.084853857
Kasimpasa,22 Mayıs 2022,TUR,15,  2021-22,12.03.21,KSPBJK2122,5/22/2022,Mayıs,2122,0,1,1,1,1,100,8,1.400155,1.400155,0.175019375
Y. Malatyaspor,22 Mayıs 2022,TUR,23,  2021-22,1/22/2022,MLTBJK2122,5/22/2022,Mayıs,2122,0,1,1,1,1,100,11,1.371716,1.371716,0.124701455
Trabzonspor,22 Mayıs 2022,TUR,35,  2021-22,4/30/2022,TRBANT2122,5/22/2022,Mayıs,2122,0,2,2,1,1,100,9,1.590093,1.590093,0.176677
Trabzonspor,22 Mayıs 2022,TUR,4,  2021-22,09.12.21,TRBGAL2122,5/22/2022,Mayıs,2122,0,2,2,1,1,100,19,1.9428,1.9428,0.102252632
Alanyaspor,22 Mayıs 2022,TUR,11,  2021-22,10/31/2021,ALAGOZ2122,5/22/2022,Mayıs,2122,0,2,2,1,1,100,19,2.23047,2.23047,0.117393158
Fenerbahce,22 Mayıs 2022,TUR,17,  2021-22,12/19/2021,FENBJK2122,5/22/2022,Mayıs,2122,0,2,2,1,1,100,11,1.700844,1.700844,0.154622182
Konyaspor,22 Mayıs 2022,TUR,6,  2021-22,9/23/2021,KONTRB2122,5/22/2022,Mayıs,2122,0,2,2,1,1,100,31,3.075195,3.075195,0.099199839
Besiktas,22 Mayıs 2022,TUR,28,  2021-22,03.07.22,BJKBSK2122,5/22/2022,Mayıs,2122,0,2,2,1,1,100,16,2.063137,2.063137,0.128946063
Fenerbahce,22 Mayıs 2022,TUR,12,  2021-22,11.07.21,FENKAY2122,5/22/2022,Mayıs,2122,0,2,2,1,1,100,19,2.872832,2.872832,0.151201684
Galatasaray,22 Mayıs 2022,TUR,15,  2021-22,12.04.21,GALALT2122,5/22/2022,Mayıs,2122,0,2,2,1,1,100,24,2.785955,2.785955,0.116081458
Kasimpasa,22 Mayıs 2022,TUR,3,  2021-22,8/29/2021,KSPGAL2122,5/22/2022,Mayıs,2122,0,2,2,1,1,100,17,1.147615,1.147615,0.067506765
Gaziantep,22 Mayıs 2022,TUR,28,  2021-22,03.07.22,GAZHAT2122,5/22/2022,Mayıs,2122,0,2,2,1,1,100,19,1.551067,1.551067,0.081635105
Sivasspor,22 Mayıs 2022,TUR,9,  2021-22,10/16/2021,SIVANT2122,5/22/2022,Mayıs,2122,0,2,2,1,1,100,9,1.021122,1.021122,0.113458
Kasimpasa,22 Mayıs 2022,TUR,25,  2021-22,2/13/2022,KSPALA2122,5/22/2022,Mayıs,2122,0,2,2,1,1,100,22,3.103317,3.103317,0.141059864
Kasimpasa,22 Mayıs 2022,TUR,7,  2021-22,9/27/2021,KSPKON2122,5/22/2022,Mayıs,2122,0,2,2,1,1,100,18,2.347292,2.347292,0.130405111
Giresunspor,22 Mayıs 2022,TUR,31,  2021-22,04.02.22,GIRSIV2122,5/22/2022,Mayıs,2122,0,2,2,1,1,100,18,1.397416,1.397416,0.077634222
Sivasspor,22 Mayıs 2022,TUR,3,  2021-22,8/29/2021,SIVGOZ2122,5/22/2022,Mayıs,2122,0,2,2,1,1,100,11,1.709201,1.709201,0.155381909
Y. Malatyaspor,22 Mayıs 2022,TUR,18,  2021-22,12/23/2021,MLTKAY2122,5/22/2022,Mayıs,2122,0,2,2,1,1,100,13,1.142954,1.142954,0.087919538
Rizespor,22 Mayıs 2022,TUR,20,  2021-22,01.09.22,RIZBJK2122,5/22/2022,Mayıs,2122,0,2,2,1,1,100,10,1.635776,1.635776,0.1635776
Besiktas,22 Mayıs 2022,TUR,6,  2021-22,9/21/2021,BJKADS2122,5/22/2022,Mayıs,2122,0,3,3,1,1,100,13,1.585247,1.585247,0.121942077
Konyaspor,22 Mayıs 2022,TUR,26,  2021-22,2/18/2022,KONKSP2122,5/22/2022,Mayıs,2122,0,4,4,1,1,100,14,2.18519,2.18519,0.156085
Trabzonspor,22 Mayıs 2022,TUR,24,  2021-22,02.05.22,TRBKSP2122,5/22/2022,Mayıs,2122,1,1,1,1,3,301,7,0.5602962,0.5602962,0.080042314
Trabzonspor,22 Mayıs 2022,TUR,20,  2021-22,01.07.22,TRBMLT2122,5/22/2022,Mayıs,2122,1,1,1,1,3,301,24,2.637943,2.637943,0.109914292
Hatayspor,22 Mayıs 2022,TUR,11,  2021-22,10/30/2021,HATBJK2122,5/22/2022,Mayıs,2122,1,1,1,1,3,301,9,1.313068,1.313068,0.145896444
Konyaspor,22 Mayıs 2022,TUR,22,  2021-22,1/18/2022,KONADS2122,5/22/2022,Mayıs,2122,1,1,1,1,3,301,20,1.971514,1.971514,0.0985757
Konyaspor,22 Mayıs 2022,TUR,19,  2021-22,12/27/2021,KONBJK2122,5/22/2022,Mayıs,2122,1,1,1,1,3,301,12,1.099577,1.099577,0.091631417
Konyaspor,22 Mayıs 2022,TUR,17,  2021-22,12/18/2021,KONANT2122,5/22/2022,Mayıs,2122,1,1,1,1,3,301,13,1.73997,1.73997,0.133843846
Konyaspor,22 Mayıs 2022,TUR,24,  2021-22,02.04.22,KONGIR2122,5/22/2022,Mayıs,2122,1,1,1,1,3,301,13,1.427514,1.427514,0.109808769
Besiktas,22 Mayıs 2022,TUR,3,  2021-22,8/28/2021,BJKKGM2122,5/22/2022,Mayıs,2122,1,1,1,1,3,301,18,2.790604,2.790604,0.155033556
Basaksehir,22 Mayıs 2022,TUR,31,  2021-22,04.04.22,BSKMLT2122,5/22/2022,Mayıs,2122,1,1,1,1,3,301,28,4.136553,4.136553,0.147734036
Galatasaray,22 Mayıs 2022,TUR,9,  2021-22,10/17/2021,GALKON2122,5/22/2022,Mayıs,2122,1,1,1,1,3,301,11,1.518622,1.518622,0.138056545
Besiktas,22 Mayıs 2022,TUR,26,  2021-22,2/19/2022,BJKALT2122,5/22/2022,Mayıs,2122,1,1,1,1,3,301,18,3.293636,3.293636,0.182979778
Besiktas,22 Mayıs 2022,TUR,21,  2021-22,1/14/2022,BJKGAZ2122,5/22/2022,Mayıs,2122,1,1,1,1,3,301,16,0.9425324,0.9425324,0.058908275
Adana Demirspor,22 Mayıs 2022,TUR,16,  2021-22,12.12.21,ADSGIR2122,5/22/2022,Mayıs,2122,1,1,1,1,3,301,11,0.8359266,0.8359266,0.075993327
Adana Demirspor,22 Mayıs 2022,TUR,12,  2021-22,11.07.21,ADSHAT2122,5/22/2022,Mayıs,2122,1,1,1,1,3,301,18,1.695879,1.695879,0.0942155
Kayserispor,22 Mayıs 2022,TUR,22,  2021-22,1/19/2022,KAYBSK2122,5/22/2022,Mayıs,2122,1,1,1,1,3,301,3,0.5828233,0.5828233,0.194274433
Sivasspor,22 Mayıs 2022,TUR,16,  2021-22,12/13/2021,SIVGAL2122,5/22/2022,Mayıs,2122,1,1,1,1,3,301,12,0.8562624,0.8562624,0.0713552
Gaziantep,22 Mayıs 2022,TUR,6,  2021-22,9/22/2021,GAZBSK2122,5/22/2022,Mayıs,2122,1,1,1,1,3,301,9,0.9879157,0.9879157,0.109768411
F. Karagumruk,22 Mayıs 2022,TUR,26,  2021-22,2/20/2022,KGMSIV2122,5/22/2022,Mayıs,2122,1,1,1,1,3,301,13,1.213025,1.213025,0.093309615
F. Karagumruk,22 Mayıs 2022,TUR,24,  2021-22,02.05.22,KGMMLT2122,5/22/2022,Mayıs,2122,1,1,1,1,3,301,15,1.528571,1.528571,0.101904733
Alanyaspor,22 Mayıs 2022,TUR,4,  2021-22,9/13/2021,ALAGIR2122,5/22/2022,Mayıs,2122,1,1,1,1,3,301,9,1.420176,1.420176,0.157797333
Kayserispor,22 Mayıs 2022,TUR,20,  2021-22,01.09.22,KAYALT2122,5/22/2022,Mayıs,2122,1,1,1,1,3,301,10,1.150299,1.150299,0.1150299
Sivasspor,22 Mayıs 2022,TUR,34,  2021-22,4/25/2022,SIVALA2122,5/22/2022,Mayıs,2122,1,1,1,1,3,301,4,1.245174,1.245174,0.3112935
Antalyaspor,22 Mayıs 2022,TUR,12,  2021-22,11.06.21,ANTALT2122,5/22/2022,Mayıs,2122,1,1,1,1,3,301,14,2.188741,2.188741,0.156338643
Antalyaspor,22 Mayıs 2022,TUR,28,  2021-22,03.06.22,ANTSIV2122,5/22/2022,Mayıs,2122,1,1,1,1,3,301,6,0.2524044,0.2524044,0.0420674
Antalyaspor,22 Mayıs 2022,TUR,7,  2021-22,9/25/2021,ANTMLT2122,5/22/2022,Mayıs,2122,1,1,1,1,3,301,17,1.233964,1.233964,0.072586118
Giresunspor,22 Mayıs 2022,TUR,13,  2021-22,11/20/2021,GIRMLT2122,5/22/2022,Mayıs,2122,1,1,1,1,3,301,8,1.616265,1.616265,0.202033125
Rizespor,22 Mayıs 2022,TUR,17,  2021-22,12/19/2021,RIZMLT2122,5/22/2022,Mayıs,2122,1,1,1,1,3,301,14,0.6578117,0.6578117,0.04698655
Altay,22 Mayıs 2022,TUR,29,  2021-22,03.12.22,ALTMLT2122,5/22/2022,Mayıs,2122,1,1,1,1,3,301,8,1.153042,1.153042,0.14413025
Y. Malatyaspor,22 Mayıs 2022,TUR,28,  2021-22,03.04.22,MLTADS2122,5/22/2022,Mayıs,2122,1,1,1,1,3,301,15,1.082769,1.082769,0.0721846
Rizespor,22 Mayıs 2022,TUR,14,  2021-22,11/27/2021,RIZKAY2122,5/22/2022,Mayıs,2122,1,1,1,1,3,301,9,1.097769,1.097769,0.121974333
Trabzonspor,22 Mayıs 2022,TUR,17,  2021-22,12/18/2021,TRBHAT2122,5/22/2022,Mayıs,2122,2,2,2,1,3,302,17,1.676902,1.676902,0.098641294
Trabzonspor,22 Mayıs 2022,TUR,15,  2021-22,12.04.21,TRBADS2122,5/22/2022,Mayıs,2122,2,2,2,1,3,302,5,0.8745131,0.8745131,0.17490262
Konyaspor,22 Mayıs 2022,TUR,28,  2021-22,03.05.22,KONGAL2122,5/22/2022,Mayıs,2122,2,2,2,1,3,302,12,1.157573,1.157573,0.096464417
Fenerbahce,22 Mayıs 2022,TUR,32,  2021-22,04.10.22,FENGAL2122,5/22/2022,Mayıs,2122,2,2,2,1,3,302,8,1.263929,1.263929,0.157991125
Fenerbahce,22 Mayıs 2022,TUR,33,  2021-22,4/16/2022,FENGOZ2122,5/22/2022,Mayıs,2122,2,2,2,1,3,302,14,2.6503,2.6503,0.189307143
Basaksehir,22 Mayıs 2022,TUR,25,  2021-22,02.12.22,BSKGAZ2122,5/22/2022,Mayıs,2122,2,2,2,1,3,302,10,1.454198,1.454198,0.1454198
Fenerbahce,22 Mayıs 2022,TUR,2,  2021-22,8/22/2021,FENANT2122,5/22/2022,Mayıs,2122,2,2,2,1,3,302,21,1.61483,1.61483,0.076896667
Alanyaspor,22 Mayıs 2022,TUR,13,  2021-22,11/20/2021,ALABJK2122,5/22/2022,Mayıs,2122,2,2,2,1,3,302,12,1.579653,1.579653,0.13163775
Fenerbahce,22 Mayıs 2022,TUR,19,  2021-22,12/26/2021,FENMLT2122,5/22/2022,Mayıs,2122,2,2,2,1,3,302,17,1.785942,1.785942,0.105055412
Fenerbahce,22 Mayıs 2022,TUR,26,  2021-22,2/20/2022,FENHAT2122,5/22/2022,Mayıs,2122,2,2,2,1,3,302,15,2.806666,2.806666,0.187111067
Adana Demirspor,22 Mayıs 2022,TUR,18,  2021-22,12/21/2021,ADSGAL2122,5/22/2022,Mayıs,2122,2,2,2,1,3,302,10,0.8822432,0.8822432,0.08822432
Galatasaray,22 Mayıs 2022,TUR,11,  2021-22,10/31/2021,GALGAZ2122,5/22/2022,Mayıs,2122,2,2,2,1,3,302,11,0.7590118,0.7590118,0.069001073
Konyaspor,22 Mayıs 2022,TUR,10,  2021-22,10/23/2021,KONKAY2122,5/22/2022,Mayıs,2122,2,2,2,1,3,302,11,1.199139,1.199139,0.109012636
Y. Malatyaspor,22 Mayıs 2022,TUR,3,  2021-22,8/28/2021,MLTGAZ2122,5/22/2022,Mayıs,2122,2,2,2,1,3,302,9,1.931984,1.931984,0.214664889
Alanyaspor,22 Mayıs 2022,TUR,6,  2021-22,9/23/2021,ALAKSP2122,5/22/2022,Mayıs,2122,2,2,2,1,3,302,14,2.97085,2.97085,0.212203571
Kasimpasa,22 Mayıs 2022,TUR,2,  2021-22,8/21/2021,KSPGIR2122,5/22/2022,Mayıs,2122,2,2,2,1,3,302,9,1.094137,1.094137,0.121570778
Kayserispor,22 Mayıs 2022,TUR,4,  2021-22,09.11.21,KAYKSP2122,5/22/2022,Mayıs,2122,2,2,2,1,3,302,8,1.933023,1.933023,0.241627875
Galatasaray,22 Mayıs 2022,TUR,19,  2021-22,12/25/2021,GALANT2122,5/22/2022,Mayıs,2122,2,2,2,1,3,302,19,1.714591,1.714591,0.090241632
F. Karagumruk,22 Mayıs 2022,TUR,21,  2021-22,1/15/2022,KGMRIZ2122,5/22/2022,Mayıs,2122,2,2,2,1,3,302,11,1.61985,1.61985,0.147259091
Gaziantep,22 Mayıs 2022,TUR,12,  2021-22,11.05.21,GAZKSP2122,5/22/2022,Mayıs,2122,2,2,2,1,3,302,13,1.57844,1.57844,0.121418462
Galatasaray,22 Mayıs 2022,TUR,33,  2021-22,4/18/2022,GALMLT2122,5/22/2022,Mayıs,2122,2,2,2,1,3,302,19,3.57593,3.57593,0.188206842
Galatasaray,22 Mayıs 2022,TUR,31,  2021-22,04.02.22,GALKGM2122,5/22/2022,Mayıs,2122,2,2,2,1,3,302,10,1.875909,1.875909,0.1875909
Kayserispor,22 Mayıs 2022,TUR,15,  2021-22,12.05.21,KAYANT2122,5/22/2022,Mayıs,2122,2,2,2,1,3,302,2,0.9512208,0.9512208,0.4756104
Giresunspor,22 Mayıs 2022,TUR,35,  2021-22,4/29/2022,GIRADS2122,5/22/2022,Mayıs,2122,2,2,2,1,3,302,14,1.366947,1.366947,0.097639071
Gaziantep,22 Mayıs 2022,TUR,4,  2021-22,9/13/2021,GAZANT2122,5/22/2022,Mayıs,2122,2,2,2,1,3,302,10,1.778354,1.778354,0.1778354
Gaziantep,22 Mayıs 2022,TUR,38,  2021-22,5/20/2022,GAZRIZ2122,5/22/2022,Mayıs,2122,2,2,2,1,3,302,21,2.489242,2.489242,0.118535333
Basaksehir,22 Mayıs 2022,TUR,5,  2021-22,9/19/2021,BSKFEN2122,5/22/2022,Mayıs,2122,2,2,2,1,3,302,6,0.8503634,0.8503634,0.141727233
Kasimpasa,22 Mayıs 2022,TUR,11,  2021-22,10/30/2021,KSPMLT2122,5/22/2022,Mayıs,2122,2,2,2,1,3,302,15,1.181304,1.181304,0.0787536
Giresunspor,22 Mayıs 2022,TUR,9,  2021-22,10/16/2021,GIRRIZ2122,5/22/2022,Mayıs,2122,2,2,2,1,3,302,17,2.074298,2.074298,0.122017529
Kasimpasa,22 Mayıs 2022,TUR,19,  2021-22,12/25/2021,KSPALT2122,5/22/2022,Mayıs,2122,2,2,2,1,3,302,21,3.501432,3.501432,0.166734857
Rizespor,22 Mayıs 2022,TUR,12,  2021-22,11.05.21,RIZALA2122,5/22/2022,Mayıs,2122,2,2,2,1,3,302,8,1.829244,1.829244,0.2286555
Besiktas,22 Mayıs 2022,TUR,4,  2021-22,09.11.21,BJKMLT2122,5/22/2022,Mayıs,2122,3,3,3,1,3,303,16,1.635441,1.635441,0.102215063
Trabzonspor,22 Mayıs 2022,TUR,13,  2021-22,11/22/2021,TRBGAZ2122,5/22/2022,Mayıs,2122,3,3,3,1,3,303,11,1.320776,1.320776,0.120070545
Altay,22 Mayıs 2022,TUR,1,  2021-22,8/14/2021,ALTKAY2122,5/22/2022,Mayıs,2122,3,3,3,1,3,303,15,3.409858,3.409858,0.227323867
Konyaspor,22 Mayıs 2022,TUR,31,  2021-22,04.03.22,KONGOZ2122,5/22/2022,Mayıs,2122,3,3,3,1,3,303,17,2.721654,2.721654,0.160097294
Besiktas,22 Mayıs 2022,TUR,1,  2021-22,8/13/2021,BJKRIZ2122,5/22/2022,Mayıs,2122,3,3,3,1,3,303,19,2.529284,2.529284,0.133120211
Konyaspor,22 Mayıs 2022,TUR,13,  2021-22,11/21/2021,KONRIZ2122,5/22/2022,Mayıs,2122,3,3,3,1,3,303,14,1.839855,1.839855,0.131418214
Basaksehir,22 Mayıs 2022,TUR,34,  2021-22,4/24/2022,BSKHAT2122,5/22/2022,Mayıs,2122,3,3,3,1,3,303,21,2.974512,2.974512,0.141643429
Alanyaspor,22 Mayıs 2022,TUR,37,  2021-22,5/15/2022,ALAGAZ2122,5/22/2022,Mayıs,2122,3,3,3,1,3,303,20,3.378557,3.378557,0.16892785
Hatayspor,22 Mayıs 2022,TUR,29,  2021-22,03.12.22,HATKGM2122,5/22/2022,Mayıs,2122,3,3,3,1,3,303,13,1.500212,1.500212,0.115400923
Kayserispor,22 Mayıs 2022,TUR,6,  2021-22,9/22/2021,KAYGAL2122,5/22/2022,Mayıs,2122,3,3,3,1,3,303,11,1.421995,1.421995,0.129272273
F. Karagumruk,22 Mayıs 2022,TUR,30,  2021-22,3/18/2022,KGMKAY2122,5/22/2022,Mayıs,2122,3,3,3,1,3,303,15,2.251366,2.251366,0.150091067
Antalyaspor,22 Mayıs 2022,TUR,14,  2021-22,11/27/2021,ANTALA2122,5/22/2022,Mayıs,2122,3,3,3,1,3,303,18,3.947213,3.947213,0.219289611
Kayserispor,22 Mayıs 2022,TUR,19,  2021-22,12/27/2021,KAYSIV2122,5/22/2022,Mayıs,2122,3,3,3,1,3,303,10,1.23605,1.23605,0.123605
Kayserispor,22 Mayıs 2022,TUR,37,  2021-22,5/14/2022,KAYMLT2122,5/22/2022,Mayıs,2122,3,3,3,1,3,303,11,0.9726424,0.9726424,0.088422036
Antalyaspor,22 Mayıs 2022,TUR,25,  2021-22,2/13/2022,ANTKGM2122,5/22/2022,Mayıs,2122,3,3,3,1,3,303,15,1.879784,1.879784,0.125318933
Basaksehir,22 Mayıs 2022,TUR,7,  2021-22,9/26/2021,BSKRIZ2122,5/22/2022,Mayıs,2122,3,3,3,1,3,303,15,2.550073,2.550073,0.170004867
Fenerbahce,22 Mayıs 2022,TUR,15,  2021-22,12.05.21,FENRIZ2122,5/22/2022,Mayıs,2122,4,4,4,1,3,304,16,3.257409,3.257409,0.203588062
F. Karagumruk,22 Mayıs 2022,TUR,4,  2021-22,09.11.21,KGMADS2122,5/22/2022,Mayıs,2122,4,4,4,1,3,304,16,2.44502,2.44502,0.15281375
Kasimpasa,22 Mayıs 2022,TUR,33,  2021-22,4/17/2022,KSPADS2122,5/22/2022,Mayıs,2122,4,4,4,1,3,304,22,4.151067,4.151067,0.188684864
Sivasspor,22 Mayıs 2022,TUR,7,  2021-22,9/25/2021,SIVKGM2122,5/22/2022,Mayıs,2122,4,4,4,1,3,304,17,3.074114,3.074114,0.180830235
Adana Demirspor,22 Mayıs 2022,TUR,7,  2021-22,9/25/2021,ADSGAZ2122,5/22/2022,Mayıs,2122,4,4,4,1,3,304,7,1.932158,1.932158,0.276022571
Sivasspor,22 Mayıs 2022,TUR,14,  2021-22,11/28/2021,SIVHAT2122,5/22/2022,Mayıs,2122,4,4,4,1,3,304,15,3.080431,3.080431,0.205362067
Goztepe,22 Mayıs 2022,TUR,20,  2021-22,01.09.22,GOZANT2122,5/22/2022,Mayıs,2122,4,4,4,1,3,304,6,1.858195,1.858195,0.309699167
Adana Demirspor,22 Mayıs 2022,TUR,23,  2021-22,1/22/2022,ADSKGM2122,5/22/2022,Mayıs,2122,5,5,5,1,3,305,17,2.573869,2.573869,0.151404059
Hatayspor,22 Mayıs 2022,TUR,3,  2021-22,8/28/2021,HATALA2122,5/22/2022,Mayıs,2122,5,5,5,1,3,305,16,2.038814,2.038814,0.127425875
Alanyaspor,22 Mayıs 2022,TUR,22,  2021-22,1/20/2022,ALAHAT2122,5/22/2022,Mayıs,2122,6,6,6,1,3,306,20,5.089938,5.089938,0.2544969
Adana Demirspor,22 Mayıs 2022,TUR,38,  2021-22,5/22/2022,ADSGOZ2122,5/22/2022,Mayıs,2122,7,7,7,1,3,307,24,4.100071,4.100071,0.170836292
Trabzonspor,22 Mayıs 2022,TUR,25,  2021-22,2/13/2022,TRBKON2122,5/22/2022,Mayıs,2122,1,2,2,1,3,301,15,2.054107,2.054107,0.136940467
Fenerbahce,22 Mayıs 2022,TUR,8,  2021-22,10.03.21,FENKSP2122,5/22/2022,Mayıs,2122,1,2,2,1,3,301,10,1.189269,1.189269,0.1189269
Trabzonspor,22 Mayıs 2022,TUR,37,  2021-22,5/15/2022,TRBALT2122,5/22/2022,Mayıs,2122,1,2,2,1,3,301,17,2.391564,2.391564,0.140680235
Trabzonspor,22 Mayıs 2022,TUR,11,  2021-22,10/29/2021,TRBRIZ2122,5/22/2022,Mayıs,2122,1,2,2,1,3,301,12,2.593991,2.593991,0.216165917
Hatayspor,22 Mayıs 2022,TUR,9,  2021-22,10/18/2021,HATGAZ2122,5/22/2022,Mayıs,2122,1,2,2,1,3,301,15,1.933005,1.933005,0.128867
Trabzonspor,22 Mayıs 2022,TUR,2,  2021-22,8/23/2021,TRBSIV2122,5/22/2022,Mayıs,2122,1,2,2,1,3,301,14,1.980436,1.980436,0.141459714
Altay,22 Mayıs 2022,TUR,7,  2021-22,9/24/2021,ALTBJK2122,5/22/2022,Mayıs,2122,1,2,2,1,3,301,10,1.43208,1.43208,0.143208
Basaksehir,22 Mayıs 2022,TUR,21,  2021-22,2/22/2022,BSKKON2122,5/22/2022,Mayıs,2122,1,2,2,1,3,301,14,1.112304,1.112304,0.079450286
Fenerbahce,22 Mayıs 2022,TUR,30,  2021-22,3/20/2022,FENKON2122,5/22/2022,Mayıs,2122,1,2,2,1,3,301,26,2.703862,2.703862,0.103994692
Besiktas,22 Mayıs 2022,TUR,10,  2021-22,10/25/2021,BJKGAL2122,5/22/2022,Mayıs,2122,1,2,2,1,3,301,10,1.600878,1.600878,0.1600878
Besiktas,22 Mayıs 2022,TUR,8,  2021-22,10.02.21,BJKSIV2122,5/22/2022,Mayıs,2122,1,2,2,1,3,301,10,1.27119,1.27119,0.127119
Hatayspor,22 Mayıs 2022,TUR,5,  2021-22,9/19/2021,HATKAY2122,5/22/2022,Mayıs,2122,1,2,2,1,3,301,21,1.825208,1.825208,0.086914667
Galatasaray,22 Mayıs 2022,TUR,2,  2021-22,8/23/2021,GALHAT2122,5/22/2022,Mayıs,2122,1,2,2,1,3,301,14,1.378078,1.378078,0.098434143
Fenerbahce,22 Mayıs 2022,TUR,22,  2021-22,1/19/2022,FENALT2122,5/22/2022,Mayıs,2122,1,2,2,1,3,301,18,1.870054,1.870054,0.103891889
Alanyaspor,22 Mayıs 2022,TUR,31,  2021-22,04.03.22,ALARIZ2122,5/22/2022,Mayıs,2122,1,2,2,1,3,301,12,1.92087,1.92087,0.1600725
Basaksehir,22 Mayıs 2022,TUR,16,  2021-22,12.11.21,BSKKSP2122,5/22/2022,Mayıs,2122,1,2,2,1,3,301,13,1.945342,1.945342,0.149641692
Fenerbahce,22 Mayıs 2022,TUR,6,  2021-22,9/23/2021,FENGIR2122,5/22/2022,Mayıs,2122,1,2,2,1,3,301,7,1.59517,1.59517,0.227881429
Adana Demirspor,22 Mayıs 2022,TUR,30,  2021-22,3/19/2022,ADSBSK2122,5/22/2022,Mayıs,2122,1,2,2,1,3,301,15,2.40928,2.40928,0.160618667
Konyaspor,22 Mayıs 2022,TUR,11,  2021-22,10/30/2021,KONFEN2122,5/22/2022,Mayıs,2122,1,2,2,1,3,301,16,1.59503,1.59503,0.099689375
Konyaspor,22 Mayıs 2022,TUR,2,  2021-22,8/22/2021,KONBSK2122,5/22/2022,Mayıs,2122,1,2,2,1,3,301,15,0.9776953,0.9776953,0.065179687
Alanyaspor,22 Mayıs 2022,TUR,35,  2021-22,05.01.22,ALAMLT2122,5/22/2022,Mayıs,2122,1,2,2,1,3,301,40,2.14677,2.14677,0.05366925
Altay,22 Mayıs 2022,TUR,5,  2021-22,9/17/2021,ALTGOZ2122,5/22/2022,Mayıs,2122,1,2,2,1,3,301,19,2.447026,2.447026,0.128790842
Basaksehir,22 Mayıs 2022,TUR,13,  2021-22,11/20/2021,BSKSIV2122,5/22/2022,Mayıs,2122,1,2,2,1,3,301,7,0.7666795,0.7666795,0.109525643
Hatayspor,22 Mayıs 2022,TUR,25,  2021-22,2/14/2022,HATGOZ2122,5/22/2022,Mayıs,2122,1,2,2,1,3,301,15,1.218029,1.218029,0.081201933
Besiktas,22 Mayıs 2022,TUR,18,  2021-22,12/23/2021,BJKGOZ2122,5/22/2022,Mayıs,2122,1,2,2,1,3,301,10,0.6664403,0.6664403,0.06664403
F. Karagumruk,22 Mayıs 2022,TUR,34,  2021-22,4/23/2022,KGMGIR2122,5/22/2022,Mayıs,2122,1,2,2,1,3,301,7,1.421886,1.421886,0.203126571
Kayserispor,22 Mayıs 2022,TUR,26,  2021-22,2/19/2022,KAYGIR2122,5/22/2022,Mayıs,2122,1,2,2,1,3,301,14,1.935759,1.935759,0.1382685
Basaksehir,22 Mayıs 2022,TUR,11,  2021-22,11.01.21,BSKADS2122,5/22/2022,Mayıs,2122,1,2,2,1,3,301,18,2.204821,2.204821,0.122490056
Sivasspor,22 Mayıs 2022,TUR,38,  2021-22,5/21/2022,SIVKAY2122,5/22/2022,Mayıs,2122,1,2,2,1,3,301,9,0.8076602,0.8076602,0.089740022
Galatasaray,22 Mayıs 2022,TUR,7,  2021-22,9/26/2021,GALGOZ2122,5/22/2022,Mayıs,2122,1,2,2,1,3,301,14,1.3039,1.3039,0.093135714
Gaziantep,22 Mayıs 2022,TUR,18,  2021-22,12/22/2021,GAZALA2122,5/22/2022,Mayıs,2122,1,2,2,1,3,301,15,1.421593,1.421593,0.094772867
Kayserispor,22 Mayıs 2022,TUR,11,  2021-22,10/31/2021,KAYKGM2122,5/22/2022,Mayıs,2122,1,2,2,1,3,301,17,2.142823,2.142823,0.126048412
Galatasaray,22 Mayıs 2022,TUR,29,  2021-22,3/14/2022,GALBJK2122,5/22/2022,Mayıs,2122,1,2,2,1,3,301,19,1.918567,1.918567,0.100977211
Kasimpasa,22 Mayıs 2022,TUR,31,  2021-22,04.03.22,KSPGAZ2122,5/22/2022,Mayıs,2122,1,2,2,1,3,301,17,2.225795,2.225795,0.130929118
Sivasspor,22 Mayıs 2022,TUR,30,  2021-22,3/20/2022,SIVALT2122,5/22/2022,Mayıs,2122,1,2,2,1,3,301,12,1.627826,1.627826,0.135652167
Sivasspor,22 Mayıs 2022,TUR,25,  2021-22,2/13/2022,SIVMLT2122,5/22/2022,Mayıs,2122,1,2,2,1,3,301,14,1.803019,1.803019,0.128787071
Antalyaspor,22 Mayıs 2022,TUR,16,  2021-22,12.11.21,ANTTRB2122,5/22/2022,Mayıs,2122,1,2,2,1,3,301,14,2.129413,2.129413,0.152100929
Goztepe,22 Mayıs 2022,TUR,4,  2021-22,09.12.21,GOZBSK2122,5/22/2022,Mayıs,2122,1,2,2,1,3,301,10,1.342716,1.342716,0.1342716
Y. Malatyaspor,22 Mayıs 2022,TUR,10,  2021-22,10/22/2021,MLTALT2122,5/22/2022,Mayıs,2122,1,2,2,1,3,301,13,2.638791,2.638791,0.202983923
Goztepe,22 Mayıs 2022,TUR,22,  2021-22,1/19/2022,GOZSIV2122,5/22/2022,Mayıs,2122,1,2,2,1,3,301,10,1.422072,1.422072,0.1422072
Giresunspor,22 Mayıs 2022,TUR,29,  2021-22,3/14/2022,GIRGAZ2122,5/22/2022,Mayıs,2122,1,2,2,1,3,301,13,1.724194,1.724194,0.132630308
Goztepe,22 Mayıs 2022,TUR,15,  2021-22,12.06.21,GOZGAZ2122,5/22/2022,Mayıs,2122,1,2,2,1,3,301,11,1.867464,1.867464,0.169769455
Rizespor,22 Mayıs 2022,TUR,32,  2021-22,04.09.22,RIZKON2122,5/22/2022,Mayıs,2122,1,2,2,1,3,301,11,1.306881,1.306881,0.118807364
Rizespor,22 Mayıs 2022,TUR,22,  2021-22,1/20/2022,RIZANT2122,5/22/2022,Mayıs,2122,1,2,2,1,3,301,11,1.667816,1.667816,0.151619636
Rizespor,22 Mayıs 2022,TUR,10,  2021-22,10/23/2021,RIZKSP2122,5/22/2022,Mayıs,2122,1,2,2,1,3,301,8,1.749047,1.749047,0.218630875
Trabzonspor,22 Mayıs 2022,TUR,9,  2021-22,10/17/2021,TRBFEN2122,5/22/2022,Mayıs,2122,2,3,3,1,3,302,20,2.612619,2.612619,0.13063095
Hatayspor,22 Mayıs 2022,TUR,13,  2021-22,11/20/2021,HATANT2122,5/22/2022,Mayıs,2122,2,3,3,1,3,302,11,1.937874,1.937874,0.176170364
Konyaspor,22 Mayıs 2022,TUR,37,  2021-22,5/15/2022,KONHAT2122,5/22/2022,Mayıs,2122,2,3,3,1,3,302,22,2.754671,2.754671,0.125212318
Basaksehir,22 Mayıs 2022,TUR,18,  2021-22,12/21/2021,BSKGIR2122,5/22/2022,Mayıs,2122,2,3,3,1,3,302,20,1.742352,1.742352,0.0871176
Basaksehir,22 Mayıs 2022,TUR,38,  2021-22,5/22/2022,BSKTRB2122,5/22/2022,Mayıs,2122,2,3,3,1,3,302,12,1.792479,1.792479,0.14937325
Konyaspor,22 Mayıs 2022,TUR,4,  2021-22,09.11.21,KONALT2122,5/22/2022,Mayıs,2122,2,3,3,1,3,302,14,2.729984,2.729984,0.194998857
Adana Demirspor,22 Mayıs 2022,TUR,32,  2021-22,04.10.22,ADSALT2122,5/22/2022,Mayıs,2122,2,3,3,1,3,302,18,3.076963,3.076963,0.170942389
F. Karagumruk,22 Mayıs 2022,TUR,36,  2021-22,05.07.22,KGMGOZ2122,5/22/2022,Mayıs,2122,2,3,3,1,3,302,19,2.527717,2.527717,0.133037737
Gaziantep,22 Mayıs 2022,TUR,20,  2021-22,01.08.22,GAZKGM2122,5/22/2022,Mayıs,2122,2,3,3,1,3,302,13,1.152306,1.152306,0.088638923
F. Karagumruk,22 Mayıs 2022,TUR,8,  2021-22,10.01.21,KGMBSK2122,5/22/2022,Mayıs,2122,2,3,3,1,3,302,8,0.886831,0.886831,0.110853875
Giresunspor,22 Mayıs 2022,TUR,15,  2021-22,12.05.21,GIRKGM2122,5/22/2022,Mayıs,2122,2,3,3,1,3,302,15,2.687873,2.687873,0.179191533
Gaziantep,22 Mayıs 2022,TUR,30,  2021-22,3/20/2022,GAZGAL2122,5/22/2022,Mayıs,2122,2,3,3,1,3,302,19,3.2472,3.2472,0.170905263
Giresunspor,22 Mayıs 2022,TUR,17,  2021-22,12/17/2021,GIRALT2122,5/22/2022,Mayıs,2122,2,3,3,1,3,302,11,1.791006,1.791006,0.162818727
Kasimpasa,22 Mayıs 2022,TUR,23,  2021-22,1/23/2022,KSPKAY2122,5/22/2022,Mayıs,2122,2,3,3,1,3,302,17,1.9732,1.9732,0.116070588
Adana Demirspor,22 Mayıs 2022,TUR,5,  2021-22,9/18/2021,ADSRIZ2122,5/22/2022,Mayıs,2122,2,3,3,1,3,302,23,3.793356,3.793356,0.164928522
Kasimpasa,22 Mayıs 2022,TUR,29,  2021-22,03.12.22,KSPRIZ2122,5/22/2022,Mayıs,2122,2,3,3,1,3,302,22,3.246093,3.246093,0.147549682
Giresunspor,22 Mayıs 2022,TUR,27,  2021-22,2/27/2022,GIRGOZ2122,5/22/2022,Mayıs,2122,2,3,3,1,3,302,16,2.17464,2.17464,0.135915
Kasimpasa,22 Mayıs 2022,TUR,20,  2021-22,01.08.22,KSPHAT2122,5/22/2022,Mayıs,2122,2,3,3,1,3,302,15,1.480098,1.480098,0.0986732
Rizespor,22 Mayıs 2022,TUR,16,  2021-22,12.11.21,RIZGOZ2122,5/22/2022,Mayıs,2122,2,3,3,1,3,302,15,2.586789,2.586789,0.1724526
Konyaspor,22 Mayıs 2022,TUR,33,  2021-22,4/17/2022,KONGAZ2122,5/22/2022,Mayıs,2122,3,4,4,1,3,303,20,3.077635,3.077635,0.15388175
Besiktas,22 Mayıs 2022,TUR,32,  2021-22,04.09.22,BJKALA2122,5/22/2022,Mayıs,2122,3,4,4,1,3,303,11,1.19885,1.19885,0.108986364
Antalyaspor,22 Mayıs 2022,TUR,32,  2021-22,04.11.22,ANTHAT2122,5/22/2022,Mayıs,2122,3,4,4,1,3,303,14,1.655556,1.655556,0.118254
Antalyaspor,22 Mayıs 2022,TUR,30,  2021-22,3/20/2022,ANTGIR2122,5/22/2022,Mayıs,2122,3,4,4,1,3,303,13,1.569072,1.569072,0.120697846
Gaziantep,22 Mayıs 2022,TUR,8,  2021-22,10.03.21,GAZALT2122,5/22/2022,Mayıs,2122,3,4,4,1,3,303,16,2.68732,2.68732,0.1679575
Hatayspor,22 Mayıs 2022,TUR,38,  2021-22,5/22/2022,HATGIR2122,5/22/2022,Mayıs,2122,3,4,4,1,3,303,18,3.26453,3.26453,0.181362778
Alanyaspor,22 Mayıs 2022,TUR,27,  2021-22,2/27/2022,ALAKON2122,5/22/2022,Mayıs,2122,4,5,5,1,3,304,18,2.493965,2.493965,0.138553611
Gaziantep,22 Mayıs 2022,TUR,24,  2021-22,02.05.22,GAZSIV2122,5/22/2022,Mayıs,2122,4,5,5,1,3,304,11,3.002532,3.002532,0.272957455
Trabzonspor,22 Mayıs 2022,TUR,27,  2021-22,2/25/2022,TRBKAY2122,5/22/2022,Mayıs,2122,1,3,3,1,3,301,22,3.210109,3.210109,0.145914045
Fenerbahce,22 Mayıs 2022,TUR,35,  2021-22,4/29/2022,FENGAZ2122,5/22/2022,Mayıs,2122,1,3,3,1,3,301,14,3.020604,3.020604,0.215757429
F. Karagumruk,22 Mayıs 2022,TUR,1,  2021-22,8/14/2021,KGMGAZ2122,5/22/2022,Mayıs,2122,1,3,3,1,3,301,12,2.169904,2.169904,0.180825333
Antalyaspor,22 Mayıs 2022,TUR,36,  2021-22,05.09.22,ANTKON2122,5/22/2022,Mayıs,2122,1,3,3,1,3,301,16,2.494947,2.494947,0.155934187
F. Karagumruk,22 Mayıs 2022,TUR,32,  2021-22,04.09.22,KGMKSP2122,5/22/2022,Mayıs,2122,1,3,3,1,3,301,10,2.265712,2.265712,0.2265712
Galatasaray,22 Mayıs 2022,TUR,37,  2021-22,5/16/2022,GALADS2122,5/22/2022,Mayıs,2122,1,3,3,1,3,301,20,2.532863,2.532863,0.12664315
Antalyaspor,22 Mayıs 2022,TUR,3,  2021-22,8/27/2021,ANTRIZ2122,5/22/2022,Mayıs,2122,1,3,3,1,3,301,11,3.295388,3.295388,0.299580727
Gaziantep,22 Mayıs 2022,TUR,14,  2021-22,11/28/2021,GAZKON2122,5/22/2022,Mayıs,2122,1,3,3,1,3,301,20,1.80667,1.80667,0.0903335
Gaziantep,22 Mayıs 2022,TUR,16,  2021-22,12/13/2021,GAZFEN2122,5/22/2022,Mayıs,2122,1,3,3,1,3,301,15,2.764071,2.764071,0.1842714
Basaksehir,22 Mayıs 2022,TUR,9,  2021-22,10/15/2021,BSKBJK2122,5/22/2022,Mayıs,2122,1,3,3,1,3,301,11,2.088933,2.088933,0.189903
Altay,22 Mayıs 2022,TUR,27,  2021-22,2/27/2022,ALTGAZ2122,5/22/2022,Mayıs,2122,1,3,3,1,3,301,10,1.669576,1.669576,0.1669576
Rizespor,22 Mayıs 2022,TUR,30,  2021-22,3/18/2022,RIZTRB2122,5/22/2022,Mayıs,2122,1,3,3,1,3,301,12,2.942916,2.942916,0.245243
Trabzonspor,22 Mayıs 2022,TUR,29,  2021-22,03.12.22,TRBGOZ2122,5/22/2022,Mayıs,2122,2,4,4,1,3,302,16,2.987042,2.987042,0.186690125
Hatayspor,22 Mayıs 2022,TUR,21,  2021-22,1/16/2022,HATGAL2122,5/22/2022,Mayıs,2122,2,4,4,1,3,302,16,3.992235,3.992235,0.249514687
Besiktas,22 Mayıs 2022,TUR,16,  2021-22,12.12.21,BJKKAY2122,5/22/2022,Mayıs,2122,2,4,4,1,3,302,21,2.456912,2.456912,0.11699581
Galatasaray,22 Mayıs 2022,TUR,27,  2021-22,2/27/2022,GALRIZ2122,5/22/2022,Mayıs,2122,2,4,4,1,3,302,18,3.665078,3.665078,0.203615444
Hatayspor,22 Mayıs 2022,TUR,27,  2021-22,2/27/2022,HATMLT2122,5/22/2022,Mayıs,2122,3,5,5,1,3,303,13,2.19728,2.19728,0.169021538
Kayserispor,22 Mayıs 2022,TUR,24,  2021-22,02.04.22,KAYHAT2122,5/22/2022,Mayıs,2122,1,4,4,1,3,301,10,2.88671,2.88671,0.288671
Alanyaspor,22 Mayıs 2022,TUR,9,  2021-22,10/18/2021,ALAKAY2122,5/22/2022,Mayıs,2122,3,6,6,1,3,303,19,2.40164,2.40164,0.126402105